Date,S&P_500,NASDAQ,Dow_Jones
9/2/1977,97.45,100.83,872.31
9/9/1977,96.37,100.91,857.04
9/16/1977,96.48,100.74,856.81
9/23/1977,95.04,99.57,839.14
9/30/1977,96.53,100.85,847.11
10/7/1977,95.97,101.62,840.35
10/14/1977,93.56,99.05,821.64
10/21/1977,92.32,98.54,808.3
10/28/1977,92.61,97.49,822.68
11/4/1977,91.58,97.21,809.94
11/11/1977,95.98,100.94,845.89
11/18/1977,95.33,102.22,835.76
11/25/1977,96.69,104.33,844.42
12/2/1977,94.67,104.1,823.98
12/9/1977,93.65,103.57,815.23
12/16/1977,93.4,104.05,815.32
12/23/1977,94.69,103.94,829.87
12/30/1977,95.1,105.05,831.17
1/6/1978,91.62,101.66,793.49
1/13/1978,89.69,99.77,775.73
1/20/1978,89.89,100.63,776.94
1/27/1978,88.58,100.62,764.12
2/3/1978,89.62,102.22,770.96
2/10/1978,90.08,103.58,775.99
2/17/1978,87.96,102.25,752.69
2/24/1978,88.49,102.7,756.24
3/3/1978,87.45,101.95,747.31
3/10/1978,88.88,103.42,758.58
3/17/1978,90.2,104.94,768.71
3/23/1978,89.36,105.39,756.5
3/31/1978,89.21,106.2,757.36
4/7/1978,90.17,108.23,769.58
4/14/1978,92.92,111.29,795.13
4/21/1978,94.34,113.32,812.8
4/28/1978,96.83,115.18,837.32
5/5/1978,96.53,117.27,829.09
5/12/1978,98.07,119.4,840.7
5/19/1978,98.12,121.57,846.85
5/26/1978,96.58,119.86,831.69
6/2/1978,98.14,121.03,847.54
6/9/1978,99.93,124.41,859.23
6/16/1978,97.42,123.69,836.97
6/23/1978,95.85,120.74,823.02
6/30/1978,95.53,120.3,818.95
7/7/1978,94.89,119.16,812.46
7/14/1978,97.58,121.58,839.83
7/21/1978,97.75,123.6,833.42
7/28/1978,100,125.62,856.29
8/4/1978,103.92,129.71,888.43
8/11/1978,103.96,132,890.85
8/18/1978,104.73,134.71,896.83
8/25/1978,104.9,135.84,895.53
9/1/1978,103.68,135.35,879.33
9/8/1978,106.79,138.36,907.74
9/15/1978,104.12,137.36,878.55
9/22/1978,101.84,132.3,862.44
9/29/1978,102.54,132.89,865.82
10/6/1978,103.52,134,880.02
10/13/1978,104.66,135.58,897.09
10/20/1978,97.95,123.82,838.01
10/27/1978,94.59,115.25,806.05
11/3/1978,96.18,115.49,823.11
11/10/1978,94.77,114.84,807.09
11/17/1978,94.42,113.69,797.73
11/24/1978,95.79,116.17,810.12
12/1/1978,96.28,116.19,811.5
12/8/1978,96.63,118.77,811.85
12/15/1978,95.33,117.41,805.35
12/22/1978,96.31,116.93,808.47
12/29/1978,96.11,117.98,805.01
1/5/1979,99.13,122.05,830.73
1/12/1979,99.93,123.74,836.28
1/19/1979,99.75,124.65,837.49
1/26/1979,101.86,127.04,859.75
2/2/1979,99.5,125.82,834.63
2/9/1979,97.87,123.76,822.23
2/16/1979,98.67,125.57,827.01
2/23/1979,97.78,125.04,823.28
3/2/1979,96.97,123.67,815.75
3/9/1979,99.54,127.25,842.86
3/16/1979,100.69,128.55,852.82
3/23/1979,101.6,130.58,859.75
3/30/1979,101.59,131.76,862.18
4/6/1979,103.18,133.75,875.69
4/12/1979,102,133.54,870.5
4/20/1979,101.23,133.67,856.98
4/27/1979,101.8,134.37,856.64
5/4/1979,100.69,133.72,847.54
5/11/1979,98.52,129.69,830.56
5/18/1979,99.93,131.01,841.91
5/25/1979,100.22,132.68,836.28
6/1/1979,99.17,131.76,821.21
6/8/1979,101.49,134.96,835.15
6/15/1979,102.09,136.25,843.3
6/22/1979,102.64,137.24,849.1
6/29/1979,102.91,138.13,841.98
7/6/1979,103.62,138.64,846.16
7/13/1979,102.32,138.52,833.53
7/20/1979,101.82,137.98,828.07
7/27/1979,103.1,140.02,839.76
8/3/1979,104.04,142.63,846.16
8/10/1979,106.4,145.07,867.06
8/17/1979,108.3,147.84,883.36
8/24/1979,108.6,149.4,880.2
8/31/1979,109.32,150.44,887.63
9/7/1979,107.66,148.07,874.15
9/14/1979,108.76,150.56,879.1
9/21/1979,110.47,150.65,893.94
9/28/1979,109.32,149.98,878.58
10/5/1979,111.27,152.29,897.61
10/12/1979,104.49,140.71,838.99
10/19/1979,101.6,136.59,814.68
10/26/1979,100.57,133.75,809.3
11/2/1979,102.51,136.88,818.94
11/9/1979,101.51,135.86,806.48
11/16/1979,103.79,139.07,815.7
11/23/1979,104.67,139.85,811.77
11/30/1979,106.16,144.26,822.35
12/7/1979,107.52,147.49,833.19
12/14/1979,108.92,150.03,842.75
12/21/1979,107.59,150.17,838.91
12/28/1979,107.84,150.83,838.91
1/4/1980,106.52,148.02,828.84
1/11/1980,109.92,153.87,858.53
1/18/1980,111.07,156.14,867.15
1/25/1980,113.61,159.7,876.11
2/1/1980,115.12,162.3,881.48
2/8/1980,117.95,165.25,895.73
2/15/1980,115.41,162.56,884.98
2/22/1980,115.04,160.08,868.77
2/29/1980,113.66,158.03,863.14
3/7/1980,106.9,146.19,820.56
3/14/1980,105.43,144.44,811.69
3/21/1980,102.31,138.8,785.15
3/28/1980,100.68,129.25,777.65
4/3/1980,102.15,136.01,784.13
4/11/1980,103.79,137.75,791.55
4/18/1980,100.55,134.66,763.4
4/25/1980,105.16,137.92,803.58
5/2/1980,105.58,140.25,810.92
5/9/1980,104.72,143.06,805.8
5/16/1980,107.35,147.24,826.88
5/23/1980,110.62,149.48,854.1
5/30/1980,111.24,150.45,850.85
6/6/1980,113.2,152.68,861.52
6/13/1980,115.81,156.59,876.37
6/20/1980,114.06,156.51,869.71
6/27/1980,116,159.18,881.83
7/3/1980,117.46,160.87,888.91
7/11/1980,117.84,164.82,891.13
7/18/1980,122.04,169.99,923.98
7/25/1980,120.78,169.63,918.09
8/1/1980,121.21,172.49,931.48
8/8/1980,123.61,175.88,954.69
8/15/1980,125.72,179.89,966.72
8/22/1980,126.02,181.7,958.19
8/29/1980,122.38,181.52,932.59
9/5/1980,124.88,185.61,940.96
9/12/1980,125.54,189.58,936.52
9/19/1980,129.25,195.33,963.74
9/26/1980,126.35,190.77,940.1
10/3/1980,129.33,193.43,950.68
10/10/1980,130.29,197.79,950.68
10/17/1980,131.52,197.24,956.14
10/24/1980,129.85,196.17,943.6
10/31/1980,127.47,192.78,924.49
11/7/1980,129.18,193.51,932.42
11/14/1980,137.15,201.76,986.35
11/21/1980,139.11,206.07,989.93
11/28/1980,140.52,208.15,993.34
12/5/1980,134.03,203.02,956.23
12/12/1980,129.23,191.22,917.15
12/19/1980,133.7,197.91,937.2
12/26/1980,136.57,201.28,966.38
1/2/1981,136.34,203.55,972.78
1/9/1981,133.48,197.66,968.69
1/16/1981,134.77,201.13,973.29
1/23/1981,130.23,197.52,940.19
1/30/1981,129.55,197.81,947.27
2/6/1981,130.6,197.87,952.3
2/13/1981,126.98,193.89,931.57
2/20/1981,126.58,192.29,936.09
2/27/1981,131.27,198.01,974.58
3/6/1981,129.85,199.89,964.62
3/13/1981,133.11,202.17,985.77
3/20/1981,134.08,206.29,992.8
3/27/1981,134.65,208.82,994.78
4/3/1981,135.49,212.65,1007.11
4/10/1981,134.51,215.15,1000.27
4/16/1981,134.7,216.64,1005.58
4/24/1981,135.14,219.56,1020.35
5/1/1981,132.72,216.68,995.59
5/8/1981,131.66,214.84,976.4
5/15/1981,132.17,216.51,985.95
5/22/1981,131.33,219.23,971.72
5/29/1981,132.59,223.47,991.75
6/5/1981,132.22,221.3,993.79
6/12/1981,133.49,222.76,1006.28
6/19/1981,132.27,219.56,996.19
6/26/1981,132.56,219.76,992.87
7/2/1981,128.64,212.8,959.19
7/10/1981,129.37,210.54,955.67
7/17/1981,130.76,212.76,958.9
7/24/1981,128.46,208,936.74
7/31/1981,130.92,211.63,952.34
8/7/1981,131.75,211.36,942.54
8/14/1981,132.49,212.12,936.93
8/21/1981,129.23,206.76,920.57
8/28/1981,124.08,197.55,892.22
9/4/1981,120.07,189.63,861.68
9/11/1981,121.61,189.81,872.81
9/18/1981,116.26,184.27,836.19
9/25/1981,112.77,175.12,824.01
10/2/1981,119.36,184.37,860.73
10/9/1981,121.45,191.27,873
10/16/1981,119.19,190.24,851.69
10/23/1981,118.6,191.91,837.99
10/30/1981,121.89,195.24,852.55
11/6/1981,122.67,199.97,852.45
11/13/1981,121.67,200.16,855.88
11/20/1981,121.71,198.6,852.93
11/27/1981,125.09,201.02,885.94
12/4/1981,126.26,200.88,892.69
12/11/1981,124.93,198.64,886.51
12/18/1981,124,197.01,875.76
12/24/1981,122.54,195.7,873.38
12/31/1981,122.55,195.84,875
1/8/1982,119.55,192.05,866.53
1/15/1982,116.33,187.32,847.6
1/22/1982,115.38,185.83,845.03
1/29/1982,120.4,188.39,871.1
2/5/1982,117.26,188.21,851.03
2/12/1982,114.38,182.52,833.81
2/19/1982,113.22,180.65,824.3
2/26/1982,113.11,179.43,824.39
3/5/1982,109.34,173.97,807.36
3/12/1982,108.61,168.23,797.37
3/19/1982,110.61,171.76,805.65
3/26/1982,111.94,175.2,817.92
4/2/1982,115.12,178.56,838.57
4/8/1982,116.22,181.15,842.94
4/16/1982,116.81,182.25,843.42
4/23/1982,118.64,184.93,862.16
4/30/1982,116.44,184.7,848.36
5/7/1982,119.47,188.13,869.2
5/14/1982,118.01,188.22,857.78
5/21/1982,114.89,182.4,835.9
5/28/1982,111.88,178.54,819.54
6/4/1982,110.09,174.82,804.98
6/11/1982,111.24,173.55,809.74
6/18/1982,107.28,168.5,788.62
6/25/1982,109.14,170.48,803.08
7/2/1982,107.65,170.05,796.99
7/9/1982,108.83,168.07,814.12
7/16/1982,111.07,170.18,828.67
7/23/1982,111.17,172.11,830.57
7/30/1982,107.09,167.35,808.6
8/6/1982,103.71,163.59,784.34
8/13/1982,103.85,159.14,788.05
8/20/1982,113.02,166.96,869.29
8/27/1982,117.11,177.6,883.47
9/3/1982,122.68,182.05,925.13
9/10/1982,120.97,182.47,906.82
9/17/1982,122.55,186.61,916.94
9/24/1982,123.32,188.61,919.52
10/1/1982,121.97,188.7,907.74
10/8/1982,131.05,198.89,986.85
10/15/1982,133.57,204.46,993.1
10/22/1982,138.83,215.29,1031.46
10/29/1982,133.72,212.63,991.72
11/5/1982,142.16,227.03,1051.78
11/12/1982,139.53,232.61,1039.92
11/19/1982,137.02,229.41,1021.25
11/26/1982,134.88,228.64,1007.36
12/3/1982,138.69,237.16,1031.36
12/10/1982,139.57,233.85,1018.76
12/17/1982,137.49,228.93,1011.5
12/23/1982,139.72,232.33,1045.07
12/31/1982,140.64,232.41,1046.54
1/7/1983,145.18,238.6,1076.07
1/14/1983,146.65,245.63,1080.85
1/21/1983,143.85,243.97,1052.98
1/28/1983,144.51,246.93,1064.75
2/4/1983,146.14,251.65,1077.91
2/11/1983,147.65,256.64,1086.5
2/18/1983,148,261.29,1092.82
2/25/1983,149.74,262.44,1120.94
3/4/1983,153.67,265.94,1140.96
3/11/1983,151.24,266.18,1117.74
3/18/1983,149.9,265.01,1117.74
3/25/1983,152.67,270.89,1140.09
3/31/1983,152.96,270.8,1130.03
4/8/1983,152.85,268.1,1124.71
4/15/1983,158.75,281.6,1171.34
4/22/1983,160.42,288.55,1196.3
4/29/1983,164.43,293.06,1226.2
5/6/1983,166.1,301.64,1232.59
5/13/1983,164.91,303.94,1218.75
5/20/1983,162.14,303.56,1190.02
5/27/1983,164.46,312.05,1216.14
6/3/1983,164.42,313.85,1213.04
6/10/1983,162.68,315.24,1196.11
6/17/1983,169.13,326.11,1242.19
6/24/1983,170.41,328.91,1241.69
7/1/1983,168.64,321.58,1225.26
7/8/1983,167.08,319.57,1207.23
7/15/1983,164.29,312.87,1192.31
7/22/1983,168.89,320.71,1231.17
7/29/1983,162.56,303.96,1199.22
8/5/1983,161.74,300.2,1183.29
8/12/1983,162.16,299.58,1182.83
8/19/1983,163.98,299.1,1194.21
8/26/1983,162.14,290.31,1192.07
9/2/1983,165,297.85,1215.45
9/9/1983,166.92,302.23,1239.74
9/16/1983,166.25,298.27,1225.71
9/23/1983,169.51,303.61,1255.59
9/30/1983,166.07,296.65,1233.13
10/7/1983,170.8,297.36,1272.15
10/14/1983,169.86,289.65,1263.52
10/21/1983,165.95,279.49,1248.88
10/28/1983,163.37,276.14,1223.48
11/4/1983,162.44,273.17,1218.29
11/11/1983,166.29,277.13,1250.2
11/18/1983,165.09,281.28,1251.02
11/25/1983,167.18,285.49,1277.44
12/2/1983,165.44,283.91,1265.24
12/9/1983,165.08,280.51,1260.06
12/16/1983,162.39,276.01,1242.17
12/23/1983,163.22,276.54,1250.51
12/30/1983,164.93,278.6,1258.64
1/6/1984,169.28,287.9,1286.64
1/13/1984,167.02,286.85,1270.1
1/20/1984,166.21,284.41,1259.11
1/27/1984,163.94,273.18,1230
2/3/1984,160.91,264.01,1197.03
2/10/1984,156.3,254.04,1160.7
2/17/1984,155.74,251.33,1148.87
2/24/1984,157.51,251.44,1165.1
3/2/1984,159.24,255.54,1171.48
3/9/1984,154.35,249.01,1139.76
3/16/1984,159.27,253.37,1184.36
3/23/1984,156.86,249.98,1154.84
3/30/1984,159.18,250.78,1164.89
4/6/1984,155.48,243.94,1132.22
4/13/1984,157.31,244.01,1150.13
4/19/1984,158.02,245.35,1158.08
4/27/1984,159.89,246.9,1169.07
5/4/1984,159.11,250.89,1165.31
5/11/1984,158.49,250.57,1157.14
5/18/1984,155.78,244.61,1133.79
5/25/1984,151.62,235.23,1107.1
6/1/1984,153.24,235.9,1124.35
6/8/1984,155.17,240.35,1131.25
6/15/1984,149.03,235.64,1086.9
6/22/1984,154.46,241.11,1131.07
6/29/1984,153.18,239.65,1132.4
7/6/1984,152.24,236.72,1122.57
7/13/1984,150.88,234.67,1109.87
7/20/1984,149.55,229.37,1101.37
7/27/1984,151.19,229.3,1114.62
8/3/1984,162.35,246.24,1202.08
8/10/1984,165.42,252.43,1218.09
8/17/1984,164.14,250.37,1211.9
8/24/1984,167.51,254.78,1236.53
8/31/1984,166.68,254.64,1224.38
9/7/1984,164.37,251.68,1207.38
9/14/1984,168.78,255.6,1237.52
9/21/1984,165.67,252.68,1201.74
9/28/1984,166.1,249.94,1206.71
10/5/1984,162.68,245.46,1182.53
10/12/1984,164.18,246.2,1190.7
10/19/1984,167.96,251.2,1225.93
10/26/1984,165.29,247.4,1204.95
11/2/1984,167.42,248,1216.65
11/9/1984,167.6,249.5,1218.97
11/16/1984,164.1,245.1,1187.94
11/23/1984,166.92,245.3,1220.3
11/30/1984,163.58,242.4,1188.94
12/7/1984,162.26,239.3,1163.21
12/14/1984,162.69,239,1175.91
12/21/1984,165.51,244.8,1198.98
12/28/1984,166.26,245.9,1204.17
1/4/1985,163.68,246.1,1184.96
1/11/1985,167.91,252.2,1218.09
1/18/1985,171.32,263.1,1227.36
1/25/1985,177.35,274,1276.06
2/1/1985,178.63,278.4,1277.72
2/8/1985,182.19,288.4,1289.97
2/15/1985,181.6,287.7,1282.02
2/22/1985,179.36,286.2,1275.84
3/1/1985,183.23,287.2,1299.36
3/8/1985,179.1,282.4,1269.66
3/15/1985,176.53,278,1247.35
3/22/1985,179.04,278.9,1267.45
3/29/1985,180.66,279.2,1266.78
4/4/1985,179.03,277.4,1259.05
4/12/1985,180.54,280.6,1265.68
4/19/1985,181.11,282.8,1266.56
4/26/1985,182.18,284.1,1275.18
5/3/1985,180.08,280.3,1247.24
5/10/1985,184.28,287.5,1274.18
5/17/1985,187.42,291.7,1285.34
5/24/1985,188.29,292.1,1301.97
5/31/1985,189.55,290.8,1315.41
6/7/1985,189.68,291,1316.42
6/14/1985,187.1,288,1300.96
6/21/1985,189.61,288.7,1324.48
6/28/1985,191.85,296.2,1335.46
7/5/1985,192.52,298.6,1334.45
7/12/1985,193.29,302.4,1338.6
7/19/1985,195.13,307.8,1359.54
7/26/1985,192.4,304.6,1357.08
8/2/1985,191.48,304.5,1353.05
8/9/1985,188.32,299.1,1320.79
8/16/1985,186.1,296.5,1312.72
8/23/1985,187.17,296.7,1318.32
8/30/1985,188.63,297.7,1334.01
9/6/1985,188.24,296.2,1335.69
9/13/1985,182.91,287.2,1307.68
9/20/1985,182.05,284.4,1297.94
9/26/1985,181.29,280.2,1320.79
10/4/1985,183.22,280.5,1328.74
10/11/1985,184.28,281.8,1339.94
10/18/1985,187.04,288.4,1368.84
10/25/1985,187.52,289.5,1356.52
11/1/1985,191.53,294.1,1390.25
11/8/1985,193.72,300,1404.36
11/15/1985,198.11,306.2,1435.09
11/22/1985,201.52,310.8,1464.33
11/29/1985,202.17,314,1472.13
12/6/1985,202.99,316.6,1477.18
12/13/1985,209.94,324,1535.21
12/20/1985,210.94,323.1,1543
12/27/1985,209.61,322.8,1543
1/3/1986,210.88,325.7,1549.2
1/10/1986,205.96,324.4,1513.53
1/17/1986,208.43,330.7,1536.7
1/24/1986,206.43,328.9,1529.93
1/31/1986,211.78,335.8,1570.99
2/7/1986,214.56,342.2,1613.42
2/14/1986,219.76,350.2,1664.45
2/21/1986,224.62,355.65,1697.71
2/28/1986,226.92,359.5,1709.06
3/7/1986,225.57,362.2,1699.83
3/14/1986,236.55,371.8,1792.74
3/21/1986,233.34,372.6,1768.56
3/27/1986,238.97,373.3,1821.72
4/4/1986,228.69,372.2,1739.22
4/11/1986,235.97,378.9,1790.18
4/18/1986,242.38,390.1,1840.4
4/25/1986,242.29,392.3,1835.57
5/2/1986,234.79,383.2,1774.68
5/9/1986,237.85,389.1,1789.43
5/16/1986,232.76,384.7,1759.8
5/23/1986,241.35,391.9,1823.29
5/30/1986,247.35,400.2,1876.71
6/6/1986,245.67,400.3,1885.9
6/13/1986,245.73,399.6,1874.19
6/20/1986,247.58,396.9,1879.54
6/27/1986,249.6,403.6,1885.26
7/3/1986,251.79,411.2,1900.87
7/11/1986,242.22,391.6,1821.43
7/18/1986,236.36,381.1,1777.98
7/25/1986,240.22,379.8,1810.04
8/1/1986,234.91,370.7,1763.64
8/8/1986,236.88,365.8,1782.62
8/15/1986,247.15,380.2,1855.6
8/22/1986,250.19,381.5,1887.8
8/29/1986,252.93,382.9,1898.34
9/5/1986,250.47,378.4,1899.75
9/12/1986,230.67,346.8,1758.72
9/19/1986,232.21,349.4,1762.65
9/26/1986,232.23,351.6,1769.69
10/3/1986,233.71,352.8,1774.18
10/10/1986,235.48,353.5,1793.17
10/17/1986,238.84,355.7,1837.04
10/24/1986,238.26,356.7,1832.36
10/31/1986,243.98,360.8,1877.71
11/7/1986,245.77,361,1886.53
11/14/1986,244.5,358.5,1873.59
11/21/1986,245.86,354.7,1893.56
11/28/1986,249.22,359.6,1914.23
12/5/1986,251.17,363,1925.06
12/12/1986,247.35,355.9,1912.26
12/19/1986,249.73,352.2,1928.85
12/26/1986,246.92,349.9,1930.4
1/2/1987,246.45,353.2,1927.31
1/9/1987,258.73,380.7,2005.91
1/16/1987,266.28,389.9,2076.63
1/23/1987,270.1,392.2,2101.52
1/30/1987,274.08,392.1,2158.04
2/6/1987,280.04,406.9,2186.87
2/13/1987,279.7,412.5,2183.35
2/20/1987,285.48,417.2,2235.24
2/27/1987,284.2,425,2223.99
3/6/1987,290.66,429.5,2280.23
3/13/1987,289.89,432,2258.66
3/20/1987,298.17,439.6,2333.52
3/27/1987,296.13,436.6,2335.8
4/3/1987,300.41,437.4,2390.34
4/10/1987,292.49,430.9,2338.78
4/16/1987,286.91,419.5,2275.99
4/24/1987,281.52,412.6,2235.37
5/1/1987,288.03,418.4,2280.4
5/8/1987,293.37,423.2,2322.3
5/15/1987,287.43,418.9,2272.52
5/22/1987,282.16,407.4,2243.2
5/29/1987,290.1,416.5,2291.57
6/5/1987,293.45,417.8,2326.15
6/12/1987,301.62,425.4,2377.73
6/19/1987,306.97,429.1,2420.85
6/26/1987,307.16,426.7,2436.86
7/2/1987,305.63,425.9,2436.7
7/10/1987,308.37,426,2455.99
7/17/1987,314.59,434.1,2510.04
7/24/1987,309.27,429.1,2485.33
7/31/1987,318.66,434.9,2572.07
8/7/1987,323,443.6,2592
8/14/1987,333.99,451.6,2685.43
8/21/1987,335.9,455.2,2709.5
8/28/1987,327.04,453.3,2639.35
9/4/1987,316.7,446.5,2561.38
9/11/1987,321.98,446.2,2608.74
9/18/1987,314.86,440.9,2524.64
9/25/1987,320.16,441.9,2570.17
10/2/1987,328.07,451.6,2640.99
10/9/1987,311.07,438.4,2482.21
10/16/1987,282.7,406.3,2246.73
10/23/1987,248.22,328.5,1950.76
10/30/1987,251.79,323.3,1993.53
11/6/1987,250.41,326.4,1959.05
11/13/1987,245.64,323,1935.01
11/20/1987,242,312.5,1913.63
11/27/1987,240.34,316.5,1910.48
12/4/1987,223.92,292.9,1766.74
12/11/1987,235.32,302.6,1867.04
12/18/1987,249.16,326.9,1975.3
12/24/1987,252.03,333.2,1999.67
12/31/1987,247.08,330.5,1938.83
1/8/1988,243.4,338.5,1911.31
1/15/1988,252.05,340.1,1956.07
1/22/1988,246.5,337.6,1903.51
1/29/1988,257.07,344.7,1958.22
2/5/1988,250.96,345.8,1910.48
2/12/1988,257.63,353.3,1983.26
2/19/1988,261.61,357.1,2014.59
2/26/1988,262.46,363.4,2023.21
3/4/1988,267.3,373.4,2057.86
3/11/1988,264.94,375.5,2034.98
3/18/1988,271.12,381.6,2087.37
3/25/1988,258.51,372.5,1978.95
3/31/1988,258.89,374.6,1988.06
4/8/1988,269.43,381.8,2090.19
4/15/1988,259.77,373.9,2013.93
4/22/1988,260.14,374,2015.09
4/29/1988,261.33,379.2,2032.33
5/6/1988,257.48,379.4,2007.46
5/13/1988,256.78,372.5,1990.55
5/20/1988,253.02,366,1952.59
5/27/1988,253.42,366.7,1956.44
6/3/1988,266.45,376.9,2071.31
6/10/1988,271.26,386.3,2101.71
6/17/1988,270.68,386.9,2104.02
6/24/1988,273.78,391.6,2142.96
7/1/1988,271.78,394.7,2131.58
7/8/1988,270.02,394.3,2106.15
7/15/1988,272.05,395,2129.45
7/22/1988,263.5,387.4,2060.99
7/29/1988,272.02,387.3,2128.73
8/5/1988,271.15,387.7,2119.13
8/12/1988,262.55,379,2037.52
8/19/1988,260.24,377.4,2016
8/26/1988,259.68,374.4,2017.43
9/2/1988,264.48,376.5,2054.59
9/9/1988,266.84,381.6,2068.81
9/16/1988,270.65,383.9,2098.15
9/23/1988,269.76,385,2090.68
9/30/1988,271.91,387.7,2112.91
10/7/1988,278.07,385.7,2150.25
10/14/1988,275.5,384.6,2133.18
10/21/1988,283.66,388.6,2183.5
10/28/1988,278.53,382.8,2149.89
11/4/1988,276.31,381,2145.8
11/11/1988,267.92,373.8,2067.03
11/18/1988,266.47,367.6,2062.41
11/25/1988,267.23,366.4,2074.68
12/2/1988,271.81,373.9,2092.28
12/9/1988,277.03,375.2,2143.49
12/16/1988,276.29,375.8,2150.71
12/23/1988,277.87,377.3,2168.93
12/30/1988,277.72,381.4,2168.57
1/6/1989,280.67,384.7,2194.29
1/13/1989,283.87,387.1,2226.07
1/20/1989,286.63,391.7,2235.36
1/27/1989,293.82,398,2322.86
2/3/1989,296.97,406.4,2331.25
2/10/1989,292.02,402.4,2286.07
2/17/1989,296.76,407.2,2324.82
2/24/1989,287.13,400,2245.54
3/3/1989,291.18,404,2274.29
3/10/1989,292.88,405.9,2282.14
3/17/1989,292.69,402.2,2292.14
3/23/1989,288.98,400.9,2243.04
3/31/1989,294.87,406.7,2293.62
4/7/1989,297.16,410.7,2304.8
4/14/1989,301.36,417.7,2337.06
4/21/1989,309.61,423.8,2409.46
4/28/1989,309.64,427.6,2418.8
5/5/1989,307.61,430.7,2381.96
5/12/1989,313.84,434.8,2439.7
5/19/1989,321.24,442.1,2501.1
5/26/1989,321.59,445.2,2493.77
6/2/1989,325.52,451.6,2517.83
6/9/1989,326.69,453.7,2513.42
6/16/1989,321.35,447.2,2486.38
6/23/1989,328,448.4,2531.87
6/30/1989,317.98,435.3,2440.06
7/7/1989,324.91,442.4,2487.86
7/14/1989,331.84,448.9,2554.82
7/21/1989,335.9,449.3,2607.36
7/28/1989,342.15,452.8,2635.24
8/4/1989,343.92,457.4,2653.45
8/11/1989,344.74,462.5,2683.99
8/18/1989,346.03,462,2687.97
8/25/1989,350.52,466.8,2732.36
9/1/1989,353.73,471.3,2752.09
9/8/1989,348.76,471.3,2709.54
9/15/1989,345.06,467.6,2674.58
9/22/1989,347.05,468.1,2681.61
9/29/1989,349.15,472.9,2692.82
10/6/1989,358.78,483.6,2785.52
10/13/1989,333.65,467.3,2569.26
10/20/1989,347.16,470.7,2689.14
10/27/1989,335.06,452.8,2596.72
11/3/1989,337.62,453,2629.51
11/10/1989,339.1,456.2,2625.61
11/17/1989,341.61,456.7,2652.66
11/24/1989,343.97,456.6,2675.55
12/1/1989,350.63,457.1,2747.65
12/8/1989,348.69,456.2,2731.44
12/15/1989,350.14,443.8,2739.55
12/22/1989,347.42,444.6,2711.39
12/29/1989,353.4,454.8,2753.2
1/5/1990,352.2,458.2,2773.25
1/12/1990,339.93,439.7,2689.21
1/19/1990,339.15,440.9,2677.9
1/26/1990,325.8,421.3,2559.23
2/2/1990,330.92,422.2,2602.7
2/9/1990,333.62,428.8,2648.2
2/16/1990,332.72,429,2635.59
2/23/1990,324.15,419.5,2564.19
3/2/1990,335.54,431,2660.36
3/9/1990,337.93,436.8,2683.33
3/16/1990,341.91,442.2,2741.22
3/23/1990,337.22,437.3,2704.28
3/30/1990,339.94,435.5,2707.21
4/6/1990,340.08,430.9,2717.12
4/12/1990,344.34,436.3,2751.8
4/20/1990,335.12,425.8,2695.95
4/27/1990,329.11,418,2645.05
5/4/1990,338.39,428.6,2710.36
5/11/1990,352,438.1,2801.58
5/18/1990,354.64,448.3,2819.91
5/25/1990,354.58,453.7,2820.92
6/1/1990,363.16,462.1,2900.97
6/8/1990,358.71,460.9,2862.38
6/15/1990,362.91,467.6,2935.89
6/22/1990,355.43,459.3,2857.18
6/29/1990,358.02,462.3,2880.69
7/6/1990,358.42,460.5,2904.95
7/13/1990,367.31,468.4,2980.2
7/20/1990,361.61,455.3,2961.14
7/27/1990,353.44,442.6,2898.51
8/3/1990,344.86,417.5,2809.65
8/10/1990,335.52,408,2716.58
8/17/1990,327.83,393.5,2644.8
8/24/1990,311.51,367.3,2532.92
8/31/1990,322.56,381.2,2614.36
9/7/1990,323.4,380.4,2619.55
9/14/1990,316.83,374.4,2564.11
9/21/1990,311.32,362.3,2512.38
9/28/1990,306.05,344.5,2452.48
10/5/1990,311.5,347.4,2510.64
10/12/1990,300.03,327.6,2398.02
10/19/1990,312.48,337.4,2520.79
10/26/1990,304.71,334.4,2436.14
11/2/1990,311.85,336.5,2490.84
11/9/1990,313.74,342,2488.61
11/16/1990,317.12,350.9,2550.25
11/23/1990,315.1,349,2527.23
11/30/1990,322.22,359.1,2559.65
12/7/1990,327.75,371.5,2590.1
12/14/1990,326.82,368.8,2593.81
12/21/1990,331.75,373.6,2633.66
12/28/1990,328.72,371.2,2629.21
1/4/1991,321,367.2,2566.09
1/11/1991,315.23,361.8,2501.49
1/18/1991,332.23,377,2646.78
1/25/1991,336.07,394.3,2659.41
2/1/1991,343.05,417.7,2730.69
2/8/1991,359.35,436.8,2830.69
2/15/1991,369.06,448.7,2934.65
2/22/1991,365.65,449,2889.36
3/1/1991,370.47,456.7,2909.9
3/8/1991,374.95,475.11,2955.2
3/15/1991,373.59,466.29,2948.27
3/22/1991,367.48,464.15,2858.91
3/28/1991,375.22,482.3,2913.86
4/5/1991,375.36,495.79,2896.78
4/12/1991,380.4,501.62,2920.79
4/19/1991,384.2,501.19,2965.59
4/26/1991,379.02,494.64,2912.38
5/3/1991,380.8,492.1,2938.86
5/10/1991,375.74,493.42,2920.17
5/17/1991,372.39,481.38,2886.63
5/24/1991,377.49,492.67,2913.91
5/31/1991,389.83,506.11,3027.5
6/7/1991,379.43,498.54,2976.74
6/14/1991,382.29,495.07,3000.45
6/21/1991,377.75,485.82,2965.56
6/28/1991,371.16,475.92,2906.75
7/5/1991,374.08,474.05,2932.47
7/12/1991,380.25,492.71,2980.77
7/19/1991,384.22,497.55,3016.32
7/26/1991,380.93,492.69,2972.5
8/2/1991,387.18,505.67,3006.26
8/9/1991,387.12,508.31,2996.2
8/16/1991,385.58,512.47,2968.02
8/23/1991,394.17,521.06,3040.25
8/30/1991,395.43,525.68,3043.6
9/6/1991,389.1,516.94,3011.63
9/13/1991,383.59,516.71,2985.69
9/20/1991,387.92,527.19,3019.23
9/27/1991,385.9,524.48,3006.04
10/4/1991,381.25,520.4,2961.76
10/11/1991,381.45,519.05,2983.68
10/18/1991,392.5,538.9,3077.15
10/25/1991,384.2,525.13,3004.92
11/1/1991,391.32,540.93,3056.35
11/8/1991,392.89,548.08,3045.62
11/15/1991,382.62,531.29,2943.2
11/22/1991,376.14,526.46,2902.73
11/29/1991,375.22,523.9,2894.68
12/6/1991,379.1,536.3,2886.4
12/13/1991,384.47,540.9,2914.36
12/20/1991,387.04,535.76,2934.48
12/27/1991,406.46,565.71,3101.52
1/3/1992,419.34,592.65,3201.48
1/10/1992,415.1,615.7,3199.46
1/17/1992,418.86,626.85,3264.98
1/24/1992,415.48,624.68,3232.78
1/31/1992,408.78,620.21,3223.39
2/7/1992,411.09,634.95,3225.4
2/14/1992,412.48,636.43,3245.97
2/21/1992,411.43,629.75,3280.19
2/28/1992,412.7,633.47,3267.67
3/6/1992,404.44,615.95,3221.6
3/13/1992,405.84,618.62,3235.91
3/20/1992,411.3,624.28,3276.39
3/27/1992,403.5,604.67,3231.44
4/3/1992,401.55,590.01,3249.11
4/10/1992,404.29,584.24,3255.37
4/16/1992,416.04,591.81,3366.5
4/24/1992,409.02,572.89,3324.46
5/1/1992,412.53,578.14,3336.09
5/8/1992,416.05,585.76,3369.41
5/15/1992,410.09,574.43,3353.09
5/22/1992,414.02,580.3,3386.77
5/29/1992,415.35,585.31,3396.88
6/5/1992,413.48,585.43,3398.69
6/12/1992,409.76,569.52,3354.36
6/19/1992,403.67,554.2,3285.35
6/26/1992,403.45,547.84,3282.41
7/2/1992,411.77,563.35,3330.29
7/10/1992,414.62,567.8,3330.56
7/17/1992,415.62,570.52,3331.64
7/24/1992,411.6,565.61,3285.71
7/31/1992,424.21,580.83,3393.78
8/7/1992,418.88,573.74,3332.18
8/14/1992,419.91,573.18,3328.94
8/21/1992,414.85,563.7,3254.09
8/28/1992,414.84,563.56,3267.61
9/4/1992,417.08,573.44,3281.93
9/11/1992,419.58,583.01,3305.7
9/18/1992,422.93,589.12,3327.05
9/25/1992,414.35,577.2,3250.32
10/2/1992,410.47,571.63,3200.61
10/9/1992,402.66,570.52,3136.58
10/16/1992,411.73,582.61,3174.41
10/23/1992,414.1,597.3,3207.64
10/30/1992,418.68,605.17,3226.28
11/6/1992,417.58,616.82,3240.06
11/13/1992,422.43,637.16,3233.03
11/20/1992,426.65,642.6,3227.36
11/27/1992,430.16,649.49,3282.2
12/4/1992,432.06,661.6,3288.68
12/11/1992,433.73,655.79,3304.08
12/18/1992,441.28,661.29,3313.27
12/24/1992,439.77,665.88,3326.24
12/31/1992,435.71,676.95,3301.11
1/8/1993,429.05,677.21,3251.67
1/15/1993,437.15,697.15,3271.12
1/22/1993,436.11,701.63,3256.81
1/29/1993,438.78,696.34,3310.03
2/5/1993,448.93,700.98,3442.14
2/12/1993,444.58,690.54,3392.43
2/19/1993,434.22,663.61,3322.18
2/26/1993,443.38,670.77,3370.81
3/5/1993,446.11,681.37,3404.58
3/12/1993,449.83,692.78,3427.82
3/19/1993,450.18,682.72,3471.58
3/26/1993,447.78,681.54,3439.98
4/2/1993,441.39,669.85,3370.81
4/8/1993,441.84,666.33,3396.48
4/16/1993,448.94,666.78,3478.61
4/23/1993,437.03,658.41,3413.77
4/30/1993,440.19,661.42,3427.55
5/7/1993,442.31,681.44,3437.19
5/14/1993,439.56,676.37,3443.01
5/21/1993,445.84,694.29,3492.83
5/28/1993,450.19,700.53,3527.43
6/4/1993,450.06,702.01,3545.14
6/11/1993,447.26,693.19,3505.01
6/18/1993,443.68,689.59,3494.77
6/25/1993,447.6,694.81,3490.89
7/2/1993,445.84,704.49,3483.97
7/9/1993,448.11,705.81,3521.06
7/16/1993,445.75,699.73,3528.29
7/23/1993,447.1,700.24,3546.74
7/30/1993,448.13,704.7,3539.47
8/6/1993,448.68,718.08,3560.43
8/13/1993,450.14,718.26,3569.65
8/20/1993,456.16,730.96,3615.48
8/27/1993,460.54,734.07,3640.63
9/3/1993,461.34,749.71,3633.93
9/10/1993,461.72,744.31,3621.63
9/17/1993,458.83,740.11,3613.25
9/24/1993,457.63,754.65,3543.11
10/1/1993,461.28,763.23,3581.11
10/8/1993,460.31,764.27,3584.74
10/15/1993,469.5,787.42,3629.73
10/22/1993,463.27,772.68,3649.3
10/29/1993,467.83,779.26,3680.59
11/5/1993,459.57,762.99,3643.43
11/12/1993,465.39,779.32,3684.51
11/19/1993,462.6,751.56,3694.01
11/26/1993,463.06,754.87,3683.95
12/3/1993,464.89,772.22,3704.07
12/10/1993,463.93,760.74,3740.67
12/17/1993,466.38,759.23,3751.57
12/23/1993,467.38,758.7,3757.72
12/31/1993,466.45,776.8,3754.09
1/7/1994,469.9,782.94,3820.77
1/14/1994,474.91,792.31,3867.2
1/21/1994,474.72,794.28,3914.48
1/28/1994,478.7,796.53,3945.43
2/4/1994,469.81,777.28,3871.42
2/11/1994,470.18,781.39,3894.78
2/18/1994,467.69,788.85,3887.46
2/25/1994,466.07,783.78,3838.78
3/4/1994,464.74,790.55,3832.3
3/11/1994,466.44,789.2,3862.7
3/18/1994,471.06,803.93,3895.65
3/25/1994,460.58,783.45,3774.73
3/31/1994,445.77,743.46,3635.96
4/8/1994,447.1,748.71,3674.26
4/15/1994,446.18,727.97,3661.47
4/22/1994,447.63,722.56,3648.68
4/29/1994,450.91,733.84,3681.69
5/6/1994,447.82,732.86,3669.5
5/13/1994,444.14,716.92,3659.68
5/20/1994,454.92,726.7,3766.35
5/27/1994,457.33,733.14,3757.14
6/3/1994,460.13,742.38,3772.22
6/10/1994,458.67,734.25,3773.45
6/17/1994,458.45,729.35,3776.78
6/24/1994,442.8,693.79,3636.94
7/1/1994,446.2,706.85,3646.65
7/8/1994,449.55,707.46,3709.14
7/15/1994,454.16,721.36,3753.81
7/22/1994,453.11,716.68,3735.04
7/29/1994,458.26,722.16,3764.5
8/5/1994,457.09,718.67,3747.02
8/12/1994,461.94,731.61,3768.71
8/19/1994,463.68,742.43,3755.11
8/26/1994,473.8,762.94,3881.05
9/2/1994,470.99,759.23,3885.58
9/9/1994,468.18,763.73,3874.81
9/16/1994,471.19,777.91,3933.35
9/23/1994,459.67,757.46,3831.75
9/30/1994,462.71,764.29,3843.19
10/7/1994,455.1,749.96,3797.43
10/14/1994,469.1,767.08,3910.47
10/21/1994,464.89,765.38,3891.3
10/28/1994,473.77,776.15,3930.66
11/4/1994,462.28,766.08,3807.52
11/11/1994,462.35,762.12,3801.47
11/18/1994,461.47,764.67,3815.26
11/25/1994,452.29,742.52,3708.27
12/2/1994,453.3,745.02,3745.62
12/9/1994,446.96,719.05,3691.11
12/16/1994,458.8,729.07,3807.19
12/23/1994,459.83,742.19,3833.43
12/30/1994,459.27,751.96,3834.44
1/6/1995,460.68,749.69,3867.41
1/13/1995,465.97,762.16,3908.46
1/20/1995,464.78,762.05,3869.43
1/27/1995,470.39,758.91,3857.99
2/3/1995,478.65,772.06,3928.64
2/10/1995,481.46,790.43,3939.07
2/17/1995,481.97,786.97,3953.54
2/24/1995,488.11,791.08,4011.74
3/3/1995,485.42,798.79,3989.61
3/10/1995,489.57,802.22,4035.61
3/17/1995,495.52,808.33,4073.65
3/24/1995,500.97,818.66,4138.67
3/31/1995,500.71,817.21,4157.69
4/7/1995,506.42,814.69,4192.62
4/13/1995,509.23,832.64,4208.18
4/21/1995,508.49,823.44,4270.09
4/28/1995,514.71,843.98,4321.27
5/5/1995,520.12,843.53,4343.4
5/12/1995,525.55,858.94,4430.56
5/19/1995,519.19,864.57,4341.33
5/26/1995,523.65,871.87,4369
6/2/1995,532.51,872.97,4444.39
6/9/1995,527.94,884.38,4423.99
6/16/1995,539.83,908.65,4510.79
6/23/1995,549.71,938.87,4585.84
6/30/1995,544.75,933.45,4556.1
7/7/1995,556.37,969.76,4702.73
7/14/1995,559.89,999.33,4708.82
7/21/1995,553.62,961.77,4641.55
7/28/1995,562.93,1005.28,4715.51
8/4/1995,558.94,991.09,4683.46
8/11/1995,555.11,1004.11,4618.3
8/18/1995,559.21,1031.28,4617.6
8/25/1995,560.1,1019.97,4601.4
9/1/1995,563.84,1019.47,4647.54
9/8/1995,572.68,1060.03,4700.72
9/15/1995,583.35,1051.1,4797.57
9/22/1995,581.73,1053.39,4764.15
9/29/1995,584.41,1043.54,4789.08
10/6/1995,582.49,1012.04,4769.21
10/13/1995,584.5,1018.38,4793.78
10/20/1995,587.46,1039.53,4794.86
10/27/1995,579.7,1025.55,4741.75
11/3/1995,590.57,1065.66,4825.57
11/10/1995,592.72,1063.87,4870.37
11/17/1995,600.07,1045.03,4989.95
11/24/1995,599.97,1030.17,5048.84
12/1/1995,606.98,1055.31,5087.13
12/8/1995,617.48,1062.41,5156.86
12/15/1995,616.34,1030.48,5176.73
12/22/1995,611.95,1046.89,5097.97
12/29/1995,615.93,1052.13,5117.12
1/5/1996,616.71,1033.47,5181.43
1/12/1996,601.81,1008.23,5061.12
1/19/1996,611.83,1018.45,5184.68
1/26/1996,621.62,1040.96,5271.75
2/2/1996,635.84,1072.11,5373.99
2/9/1996,656.37,1094.6,5541.62
2/16/1996,647.98,1090.71,5503.32
2/23/1996,659.08,1117.79,5630.49
3/1/1996,644.37,1086.08,5536.56
3/8/1996,633.5,1063.73,5470.45
3/15/1996,641.43,1099.59,5584.97
3/22/1996,650.62,1102.22,5636.64
3/29/1996,645.5,1101.4,5587.14
4/4/1996,655.86,1118.21,5682.88
4/12/1996,636.71,1100.94,5532.59
4/19/1996,645.07,1138.7,5535.48
4/26/1996,653.46,1186.89,5567.99
5/3/1996,641.63,1184.6,5478.03
5/10/1996,652.09,1202.76,5518.14
5/17/1996,668.91,1241.88,5687.5
5/24/1996,678.51,1247.8,5762.86
5/31/1996,669.12,1243.43,5643.18
6/7/1996,673.31,1229.76,5697.11
6/14/1996,665.85,1213.18,5649.45
6/21/1996,666.84,1175.44,5705.23
6/28/1996,670.63,1185.02,5654.63
7/5/1996,657.44,1158.35,5588.14
7/12/1996,646.19,1103.49,5510.56
7/19/1996,638.73,1097.68,5426.82
7/26/1996,635.9,1079.44,5473.06
8/2/1996,662.49,1124.92,5679.83
8/9/1996,662.1,1137.27,5681.31
8/16/1996,665.21,1133.65,5689.45
8/23/1996,667.03,1143.05,5722.74
8/30/1996,651.99,1141.5,5616.21
9/6/1996,655.68,1139.39,5659.86
9/13/1996,680.54,1188.67,5838.52
9/20/1996,687.03,1219.69,5888.46
9/27/1996,686.19,1230.05,5872.92
10/4/1996,701.46,1247.56,5992.86
10/11/1996,700.66,1248.27,5969.38
10/18/1996,710.82,1242.48,6094.23
10/25/1996,700.92,1222.6,6007.02
11/1/1996,703.77,1221.78,6021.93
11/8/1996,730.82,1257.51,6219.82
11/15/1996,737.62,1261.8,6348.03
11/22/1996,748.73,1274.36,6471.76
11/29/1996,757.02,1292.61,6521.7
12/6/1996,739.6,1287.68,6381.94
12/13/1996,728.64,1284.91,6304.87
12/20/1996,748.87,1288.56,6484.4
12/27/1996,756.79,1291.38,6560.91
1/3/1997,748.03,1310.68,6544.09
1/10/1997,759.5,1332.02,6703.79
1/17/1997,776.17,1349.05,6833.1
1/24/1997,770.52,1363.83,6696.48
1/31/1997,786.16,1379.85,6813.09
2/7/1997,789.56,1357.71,6855.8
2/14/1997,808.48,1367.19,6988.96
2/21/1997,801.77,1334.32,6931.62
2/28/1997,790.82,1309,6877.74
3/7/1997,804.97,1311.8,7000.89
3/14/1997,793.17,1292.97,6935.46
3/21/1997,784.1,1254.07,6804.79
3/27/1997,773.88,1249.51,6740.59
4/4/1997,757.9,1236.73,6526.07
4/11/1997,737.65,1206.9,6391.69
4/18/1997,766.34,1222.57,6703.55
4/25/1997,765.37,1209.29,6738.87
5/2/1997,812.97,1305.33,7071.2
5/9/1997,824.78,1335.05,7169.53
5/16/1997,829.75,1340.73,7194.67
5/23/1997,847.03,1389.72,7345.91
5/30/1997,848.28,1400.32,7331.04
6/6/1997,858.01,1404.84,7435.78
6/13/1997,893.27,1423.03,7782.04
6/20/1997,898.7,1447.1,7796.51
6/27/1997,887.3,1438.15,7687.72
7/3/1997,916.92,1467.61,7895.81
7/11/1997,916.68,1502.62,7921.82
7/18/1997,915.3,1547.99,7890.46
7/25/1997,938.79,1569.58,8113.44
8/1/1997,947.14,1594.33,8194.04
8/8/1997,933.54,1598.52,8031.22
8/15/1997,900.81,1562.03,7694.66
8/22/1997,923.54,1598.69,7887.91
8/29/1997,899.47,1587.32,7622.42
9/5/1997,929.05,1635.77,7822.41
9/12/1997,923.91,1649.33,7742.97
9/19/1997,950.51,1680.36,7917.27
9/26/1997,945.22,1682.24,7922.18
10/3/1997,965.03,1715.87,8038.58
10/10/1997,966.98,1739.03,8045.21
10/17/1997,944.16,1666.85,7847.03
10/24/1997,941.64,1650.92,7715.41
10/31/1997,914.62,1593.61,7442.08
11/7/1997,927.51,1602.4,7581.32
11/14/1997,928.35,1583.51,7572.48
11/21/1997,963.09,1620.75,7881.07
11/28/1997,955.4,1600.55,7823.13
12/5/1997,983.79,1633.9,8149.13
12/12/1997,953.39,1536.58,7838.3
12/19/1997,946.78,1524.74,7756.29
12/26/1997,936.46,1511.38,7679.31
1/2/1998,975.04,1581.53,7965.04
1/9/1998,927.69,1503.22,7580.42
1/16/1998,961.51,1562.88,7753.55
1/23/1998,957.59,1575.93,7700.74
1/30/1998,980.28,1619.36,7906.5
2/6/1998,1012.46,1694.35,8189.49
2/13/1998,1020.09,1710.42,8370.1
2/20/1998,1034.21,1728.13,8413.94
2/27/1998,1049.34,1770.51,8545.72
3/6/1998,1055.69,1753.49,8569.39
3/13/1998,1068.61,1771.66,8602.52
3/20/1998,1099.16,1789.16,8906.43
3/27/1998,1095.44,1823.62,8796.08
4/3/1998,1122.7,1855.4,8983.41
4/9/1998,1110.67,1820.24,8994.86
4/17/1998,1122.72,1866.6,9167.5
4/24/1998,1107.9,1868.96,9064.62
5/1/1998,1121,1873.44,9147.07
5/8/1998,1108.14,1864.37,9055.15
5/15/1998,1108.73,1846.77,9096
5/22/1998,1110.47,1805,9114.44
5/29/1998,1090.82,1778.87,8899.95
6/5/1998,1113.86,1782.92,9037.71
6/12/1998,1098.84,1745.05,8834.94
6/19/1998,1100.65,1781.29,8712.87
6/26/1998,1133.2,1869.53,8944.54
7/2/1998,1146.42,1894,9025.26
7/10/1998,1164.33,1943.04,9105.74
7/17/1998,1186.75,2008.76,9337.97
7/24/1998,1140.8,1930.99,8937.36
7/31/1998,1120.67,1872.39,8883.29
8/7/1998,1089.45,1846.77,8598.02
8/14/1998,1062.75,1790.19,8425
8/21/1998,1081.24,1797.61,8533.65
8/28/1998,1027.14,1639.68,8051.68
9/4/1998,973.89,1566.52,7640.25
9/11/1998,1009.06,1641.64,7795.5
9/18/1998,1020.09,1663.77,7895.66
9/25/1998,1044.75,1743.59,8028.77
10/2/1998,1002.6,1614.98,7784.69
10/9/1998,984.39,1492.49,7899.52
10/16/1998,1056.42,1620.95,8416.76
10/23/1998,1070.67,1693.86,8452.29
10/30/1998,1098.67,1771.39,8592.1
11/6/1998,1141.01,1856.56,8975.46
11/13/1998,1125.72,1847.99,8919.59
11/20/1998,1163.55,1928.21,9159.55
11/27/1998,1192.33,2016.44,9333.08
12/4/1998,1176.74,2003.16,9016.14
12/11/1998,1166.46,2029.31,8821.76
12/18/1998,1188.03,2086.14,8903.63
12/24/1998,1226.27,2163.04,9217.99
12/31/1998,1229.23,2192.69,9181.43
1/8/1999,1275.09,2344.41,9643.32
1/15/1999,1243.26,2348.2,9340.55
1/22/1999,1225.19,2338.88,9120.67
1/29/1999,1279.64,2505.89,9358.83
2/5/1999,1239.4,2373.62,9304.24
2/12/1999,1230.13,2321.89,9274.89
2/19/1999,1239.22,2283.6,9339.95
2/26/1999,1238.33,2288.03,9306.58
3/5/1999,1275.47,2337.11,9736.08
3/12/1999,1294.59,2381.53,9876.35
3/19/1999,1299.29,2421.27,9903.55
3/26/1999,1282.8,2419.17,9822.24
4/1/1999,1293.72,2493.37,9832.51
4/9/1999,1348.35,2593.05,10173.84
4/16/1999,1319,2484.04,10493.89
4/23/1999,1356.85,2590.69,10689.67
4/30/1999,1335.18,2542.85,10789.04
5/7/1999,1345,2503.62,11031.59
5/14/1999,1337.8,2527.86,10913.32
5/21/1999,1330.29,2520.14,10829.28
5/28/1999,1301.84,2470.52,10559.74
6/4/1999,1327.75,2478.34,10799.84
6/11/1999,1293.64,2447.88,10490.51
6/18/1999,1342.84,2563.44,10855.56
6/25/1999,1315.31,2552.65,10552.56
7/2/1999,1391.22,2741.02,11139.24
7/9/1999,1403.28,2793.07,11193.7
7/16/1999,1418.78,2864.48,11209.84
7/23/1999,1356.94,2692.4,10910.96
7/30/1999,1328.72,2638.49,10655.15
8/6/1999,1300.29,2547.97,10714.03
8/13/1999,1327.68,2637.81,10973.65
8/20/1999,1336.61,2648.33,11100.61
8/27/1999,1348.27,2758.9,11090.17
9/3/1999,1357.24,2843.11,11078.45
9/10/1999,1351.66,2887.06,11028.43
9/17/1999,1335.42,2869.62,10803.63
9/23/1999,,,10318.59
9/24/1999,1277.36,,
10/1/1999,1282.81,2736.85,10273
10/8/1999,1336.02,2886.57,10649.76
10/15/1999,1247.41,2731.83,10019.71
10/22/1999,1301.65,2816.52,10470.25
10/29/1999,1362.93,2966.43,10729.86
11/5/1999,1370.23,3102.29,10704.48
11/12/1999,1396.04,3191.08,10769.32
11/19/1999,1422,3369.25,11003.89
11/26/1999,1416.62,3447.81,10988.91
12/3/1999,1433.3,3520.63,11286.18
12/10/1999,1417.04,3620.24,11224.7
12/17/1999,1421.05,3753.06,11257.43
12/23/1999,1458.34,3969.44,11405.76
12/31/1999,1469.25,4069.31,11497.12
1/7/2000,1441.47,3882.62,11522.56
1/14/2000,1465.15,4064.27,11722.98
1/21/2000,1441.36,4235.4,11251.71
1/28/2000,1360.16,3887.07,10738.87
2/4/2000,1424.37,4244.14,10963.8
2/11/2000,1387.12,4395.45,10425.21
2/18/2000,1346.09,4411.74,10219.52
2/25/2000,1333.36,4590.5,9862.12
3/3/2000,1409.17,4914.79,10367.2
3/10/2000,1395.07,5048.62,9928.82
3/17/2000,1464.47,4798.13,10595.23
3/24/2000,1527.46,4963.03,11112.72
3/31/2000,1498.58,4572.83,10921.92
4/7/2000,1516.35,4446.45,11111.48
4/14/2000,1357.31,3321.29,10305.77
4/20/2000,1434.54,3643.88,10844.05
4/28/2000,1452.43,3860.66,10733.91
5/5/2000,1432.63,3816.82,10577.86
5/12/2000,1420.96,3529.06,10609.37
5/19/2000,1406.95,3390.4,10626.85
5/26/2000,1378.02,3205.11,10299.24
6/2/2000,1477.26,3813.38,10794.76
6/9/2000,1456.95,3874.84,10614.06
6/16/2000,1464.46,3860.56,10449.3
6/23/2000,1441.48,3845.34,10404.75
6/30/2000,1454.6,3966.11,10447.89
7/7/2000,1478.9,4023.2,10635.98
7/14/2000,1509.98,4246.18,10812.75
7/21/2000,1480.19,4094.45,10733.56
7/28/2000,1419.89,3663,10511.17
8/4/2000,1462.93,3787.36,10767.75
8/11/2000,1471.84,3789.47,11027.8
8/18/2000,1491.72,3930.34,11046.48
8/25/2000,1506.46,4042.68,11192.63
9/1/2000,1520.77,4234.33,11238.78
9/8/2000,1494.5,3978.41,11220.65
9/15/2000,1465.81,3835.23,10927
9/22/2000,1448.72,3803.76,10847.37
9/29/2000,1436.51,3672.82,10650.92
10/6/2000,1408.99,3361.01,10596.54
10/13/2000,1374.17,3316.77,10192.18
10/20/2000,1396.93,3483.14,10226.59
10/27/2000,1379.58,3278.36,10590.62
11/3/2000,1426.69,3451.58,10817.95
11/10/2000,1365.98,3028.99,10602.95
11/17/2000,1367.72,3027.19,10629.87
11/24/2000,1341.77,2904.38,10470.23
12/1/2000,1315.23,2645.29,10373.54
12/8/2000,1369.89,2917.43,10712.91
12/15/2000,1312.15,2653.27,10434.96
12/22/2000,1305.95,2517.02,10635.56
12/29/2000,1320.28,2470.52,10786.85
1/5/2001,1298.35,2407.65,10662.01
1/12/2001,1318.55,2626.5,10525.38
1/19/2001,1342.55,2770.38,10587.59
1/26/2001,1354.95,2781.3,10659.98
2/2/2001,1349.47,2660.5,10864.1
2/9/2001,1314.76,2470.97,10781.45
2/16/2001,1301.53,2425.38,10799.82
2/23/2001,1245.86,2262.51,10441.9
3/2/2001,1234.18,2117.63,10466.31
3/9/2001,1233.42,2052.78,10644.62
3/16/2001,1150.53,1890.91,9823.41
3/23/2001,1139.83,1928.68,9504.78
3/30/2001,1160.33,1840.26,9878.78
4/6/2001,1128.43,1720.36,9791.09
4/12/2001,1183.5,1961.43,10126.94
4/20/2001,1242.98,2163.41,10579.85
4/27/2001,1253.05,2075.68,10810.05
5/4/2001,1266.61,2191.53,10951.24
5/11/2001,1245.67,2107.43,10821.31
5/18/2001,1291.96,2198.83,11301.74
5/25/2001,1277.89,2251.03,11005.37
6/1/2001,1260.67,2149.44,10990.41
6/8/2001,1264.96,2215.1,10977
6/15/2001,1214.36,2028.43,10623.64
6/22/2001,1225.35,2034.84,10604.59
6/29/2001,1224.38,2160.54,10502.4
7/6/2001,1190.59,2004.16,10252.68
7/13/2001,1215.68,2084.79,10539.06
7/20/2001,1210.85,2029.37,10576.65
7/27/2001,1205.82,2029.07,10416.67
8/3/2001,1214.35,2066.33,10512.78
8/10/2001,1190.16,1956.47,10416.25
8/17/2001,1161.97,1867.01,10240.78
8/24/2001,1184.93,1916.8,10423.17
8/31/2001,1133.58,1805.43,9949.75
9/7/2001,1085.78,1687.7,9605.85
9/10/2001,,,9605.51
9/11/2001,1092.54,1695.37,
9/21/2001,965.8,1423.19,8235.81
9/28/2001,1040.94,1498.8,8847.56
10/5/2001,1071.38,1605.3,9119.77
10/12/2001,1091.65,1703.4,9344.16
10/19/2001,1073.48,1671.31,9204.11
10/26/2001,1104.61,1768.96,9545.17
11/2/2001,1087.2,1745.73,9323.54
11/9/2001,1120.31,1828.48,9608
11/16/2001,1138.65,1898.58,9866.99
11/23/2001,1150.34,1903.2,9959.71
11/30/2001,1139.45,1930.58,9851.56
12/7/2001,1158.31,2021.26,10049.46
12/14/2001,1123.07,1953.17,9811.15
12/21/2001,1144.89,1945.83,10035.34
12/28/2001,1161.02,1987.26,10136.99
1/4/2002,1172.51,2059.38,10259.74
1/11/2002,1145.6,2022.46,9987.53
1/18/2002,1127.58,1930.34,9771.85
1/25/2002,1133.28,1937.7,9840.08
2/1/2002,1122.2,1911.24,9907.26
2/8/2002,1096.22,1818.88,9744.24
2/15/2002,1104.18,1805.2,9903.04
2/22/2002,1089.84,1724.54,9968.15
3/1/2002,1131.78,1802.74,10368.86
3/8/2002,1164.31,1929.67,10572.49
3/15/2002,1166.16,1868.3,10607.23
3/22/2002,1148.7,1851.39,10427.67
3/28/2002,1147.39,1845.35,10403.94
4/5/2002,1122.73,1770.03,10271.64
4/12/2002,1111.01,1756.19,10190.82
4/19/2002,1125.17,1796.83,10257.11
4/26/2002,1076.32,1663.89,9910.72
5/3/2002,1073.43,1613.03,10006.63
5/10/2002,1054.99,1600.85,9939.92
5/17/2002,1106.59,1741.39,10353.08
5/24/2002,1083.82,1661.49,10104.26
5/31/2002,1067.14,1615.73,9925.25
6/7/2002,1027.53,1535.48,9589.67
6/14/2002,1007.27,1504.74,9474.21
6/21/2002,989.14,1440.96,9253.79
6/28/2002,989.82,1463.21,9243.26
7/5/2002,989.03,1448.36,9379.5
7/12/2002,921.39,1373.5,8684.53
7/19/2002,847.75,1319.15,8019.26
7/26/2002,852.84,1262.12,8264.39
8/2/2002,864.24,1247.92,8313.13
8/9/2002,908.64,1306.12,8745.45
8/16/2002,928.77,1361.01,8778.06
8/23/2002,940.86,1380.62,8872.96
8/30/2002,916.07,1314.85,8663.5
9/6/2002,893.92,1295.3,8427.2
9/13/2002,889.81,1291.4,8312.69
9/20/2002,845.39,1221.09,7986.02
9/27/2002,827.37,1199.16,7701.45
10/4/2002,800.58,1139.9,7528.4
10/11/2002,835.32,1210.47,7850.29
10/18/2002,884.39,1287.86,8322.4
10/25/2002,897.65,1331.13,8443.99
11/1/2002,900.96,1360.7,8517.64
11/8/2002,894.74,1359.28,8537.13
11/15/2002,909.83,1411.14,8579.09
11/22/2002,930.55,1468.74,8804.84
11/29/2002,936.31,1478.78,8896.09
12/6/2002,912.23,1422.44,8645.77
12/13/2002,890.99,1362.42,8433.71
12/20/2002,892.1,1363.05,8511.32
12/27/2002,874.73,1348.31,8303.78
1/3/2003,908.59,1387.08,8601.69
1/10/2003,927.57,1447.72,8784.95
1/17/2003,901.78,1376.19,8586.74
1/24/2003,861.4,1342.14,8131.01
1/31/2003,855.7,1320.91,8053.81
2/7/2003,829.69,1282.47,7864.23
2/14/2003,834.89,1310.17,7908.8
2/21/2003,848.17,1349.02,8018.11
2/28/2003,841.15,1337.52,7891.08
3/7/2003,828.89,1305.29,7740.03
3/14/2003,833.27,1340.33,7859.71
3/21/2003,895.89,1421.84,8521.97
3/28/2003,863.5,1369.6,8145.77
4/4/2003,878.85,1383.51,8277.15
4/11/2003,868.3,1358.85,8203.41
4/17/2003,893.58,1425.5,8337.65
4/25/2003,898.81,1434.54,8306.35
5/2/2003,930.08,1502.88,8582.68
5/9/2003,933.41,1520.15,8604.6
5/16/2003,944.3,1538.53,8678.97
5/23/2003,933.22,1510.09,8601.38
5/30/2003,963.59,1595.91,8850.26
6/6/2003,987.76,1627.42,9062.79
6/13/2003,988.61,1626.49,9117.12
6/19/2003,994.7,,
6/20/2003,,,9200.75
6/27/2003,976.22,1625.26,8989.05
7/3/2003,985.7,1663.46,9070.21
7/11/2003,998.14,1733.93,9119.59
7/18/2003,993.32,1708.5,9188.15
7/25/2003,998.68,1730.7,9284.57
8/1/2003,980.15,1715.62,9153.97
8/8/2003,977.59,1644.03,9191.09
8/15/2003,990.67,1702.01,9321.69
8/22/2003,993.06,1765.32,9348.87
8/29/2003,1008.01,1810.45,9415.82
9/5/2003,1021.39,1858.24,9503.34
9/12/2003,1018.63,1855.03,9471.55
9/19/2003,1036.3,1905.7,9644.82
9/26/2003,996.85,1792.07,9313.08
10/3/2003,1029.85,1880.57,9572.31
10/10/2003,1038.06,1915.31,9674.68
10/17/2003,1039.32,1912.36,9721.79
10/24/2003,1028.91,1865.59,9582.46
10/31/2003,1050.71,1932.21,9801.12
11/7/2003,1053.21,1970.74,9809.79
11/14/2003,1050.35,1930.26,9768.68
11/21/2003,1035.28,1893.88,9628.53
11/28/2003,1058.2,1960.26,9782.46
12/5/2003,1061.5,1937.82,9862.68
12/12/2003,1074.14,1949,10042.16
12/19/2003,1088.66,1951.02,10278.22
12/26/2003,1095.89,1973.14,10324.67
1/2/2004,1108.48,2006.68,10409.85
1/9/2004,1121.86,2086.92,10458.89
1/16/2004,1139.83,2140.46,10600.51
1/23/2004,1141.55,2123.87,10568.29
1/30/2004,1131.13,2066.15,10488.07
2/6/2004,1142.76,2064.01,10593.03
2/13/2004,1145.81,2053.56,10627.85
2/20/2004,1144.11,2037.93,10619.03
2/27/2004,1144.94,2029.82,10583.92
3/5/2004,1156.86,2047.63,10595.55
3/12/2004,1120.57,1984.73,10240.08
3/19/2004,1109.78,1940.47,10186.6
3/26/2004,1108.06,1960.02,10212.97
4/2/2004,1141.81,2057.17,10470.59
4/8/2004,1139.32,2052.88,
4/16/2004,1134.61,1995.74,10451.97
4/23/2004,1140.6,2049.77,10472.84
4/30/2004,1107.3,1920.15,10225.57
5/7/2004,1098.7,1917.96,10117.34
5/14/2004,1095.7,1904.25,10012.87
5/21/2004,1093.56,1912.09,9966.74
5/28/2004,1120.68,1986.74,10188.45
6/4/2004,1122.5,1978.62,10242.82
6/10/2004,1136.47,1999.87,10410.1
6/18/2004,1135.21,1986.73,10416.41
6/25/2004,1134.43,2025.47,10371.84
7/2/2004,1125.38,2006.66,10282.83
7/9/2004,1112.81,1946.33,10213.22
7/16/2004,1101.39,1883.15,10139.78
7/23/2004,1086.2,1849.09,9962.22
7/30/2004,1101.72,1887.36,10139.71
8/6/2004,1063.97,1776.89,9815.33
8/13/2004,1064.8,1757.22,9825.35
8/20/2004,1098.35,1838.02,10110.14
8/27/2004,1107.77,1862.09,10195.01
9/3/2004,1113.63,1844.48,10260.2
9/10/2004,1123.92,1894.31,10313.07
9/17/2004,1128.55,1910.09,10284.46
9/24/2004,1110.11,1879.48,10047.24
10/1/2004,1131.5,1942.2,10192.65
10/8/2004,1122.14,1919.97,10055.2
10/15/2004,1108.2,1911.5,9933.38
10/22/2004,1095.74,1915.14,9757.81
10/29/2004,1130.2,1974.99,10027.47
11/5/2004,1166.17,2038.94,10387.54
11/12/2004,1184.17,2085.34,10539.01
11/19/2004,1170.34,2070.63,10456.91
11/26/2004,1182.65,2101.97,10522.23
12/3/2004,1191.17,2147.96,10592.21
12/10/2004,1188,2128.07,10543.22
12/17/2004,1194.2,2135.2,10649.92
12/23/2004,1210.13,2160.62,10827.12
12/31/2004,1211.92,2175.44,10783.01
1/7/2005,1186.19,2088.61,10603.96
1/14/2005,1184.52,2087.91,10558
1/21/2005,1167.87,2034.27,10392.99
1/28/2005,1171.36,2035.83,10427.2
2/4/2005,1203.03,2086.66,10716.13
2/11/2005,1205.3,2076.66,10796.01
2/18/2005,1201.59,2058.62,10785.22
2/25/2005,1211.37,2065.4,10841.6
3/4/2005,1222.12,2070.61,10940.55
3/11/2005,1200.08,2041.6,10774.36
3/18/2005,1189.65,2007.79,10629.67
3/24/2005,1171.42,1991.06,10442.87
4/1/2005,1172.92,1984.81,10404.3
4/8/2005,1181.2,1999.35,10461.34
4/15/2005,1142.62,1908.15,10087.51
4/22/2005,1152.12,1932.19,10157.71
4/29/2005,1156.85,1921.65,10192.51
5/6/2005,1171.35,1967.35,10345.4
5/13/2005,1154.05,1976.78,10140.12
5/20/2005,1189.28,2046.42,10471.91
5/27/2005,1198.78,2075.73,10542.55
6/3/2005,1196.02,2071.43,10460.97
6/10/2005,1198.11,2063,10512.63
6/17/2005,1216.96,2090.11,10623.07
6/24/2005,1191.57,2053.27,10297.84
7/1/2005,1194.44,2057.37,10303.44
7/8/2005,1211.86,2112.88,10449.14
7/15/2005,1227.92,2156.78,10640.83
7/22/2005,1233.68,2179.74,10651.18
7/29/2005,1234.18,2184.83,10640.91
8/5/2005,1226.42,2177.91,10558.03
8/12/2005,1230.39,2156.9,10600.31
8/19/2005,1219.71,2135.56,10559.23
8/26/2005,1205.1,2120.77,10397.29
9/2/2005,1218.02,2141.07,10447.37
9/9/2005,1241.48,2175.51,10678.56
9/16/2005,1237.91,2160.35,10641.94
9/23/2005,1215.29,2116.84,10419.59
9/30/2005,1228.81,2151.69,10568.7
10/7/2005,1195.9,2090.35,10292.31
10/14/2005,1186.57,2064.83,10287.34
10/21/2005,1179.59,2082.21,10215.22
10/28/2005,1198.41,2089.88,10402.77
11/4/2005,1220.14,2169.43,10530.76
11/11/2005,1234.72,2202.47,10686.04
11/18/2005,1248.27,2227.07,10766.33
11/25/2005,1268.25,2263.01,10931.62
12/2/2005,1265.08,2273.37,10877.51
12/9/2005,1259.36,2256.73,10778.58
12/16/2005,1267.32,2252.48,10875.59
12/23/2005,1268.66,2249.42,10883.27
12/30/2005,1248.29,2205.32,10717.5
1/6/2006,1285.45,2305.62,10959.31
1/13/2006,1287.61,2317.04,10959.87
1/20/2006,1261.49,2247.7,10667.39
1/27/2006,1283.72,2304.23,10907.21
2/3/2006,1264.03,2262.58,10793.62
2/10/2006,1266.99,2261.88,10919.05
2/17/2006,1287.24,2282.36,11115.32
2/24/2006,1289.43,2287.04,11061.85
3/3/2006,1287.23,2302.6,11021.59
3/10/2006,1281.58,2262.04,11076.34
3/17/2006,1307.25,2306.48,11279.65
3/24/2006,1302.95,2312.82,11279.97
3/31/2006,1294.83,2339.79,11109.32
4/7/2006,1295.5,2339.02,11120.04
4/13/2006,1289.12,2326.11,11137.65
4/21/2006,1311.28,2342.86,11347.45
4/28/2006,1310.61,2322.57,11367.14
5/5/2006,1325.76,2342.57,11577.74
5/12/2006,1291.24,2243.78,11380.99
5/19/2006,1267.03,2193.88,11144.06
5/26/2006,1280.16,2210.37,11278.61
6/2/2006,1288.22,2219.41,11247.87
6/9/2006,1252.3,2135.06,10891.92
6/16/2006,1251.54,2129.95,11014.55
6/23/2006,1244.5,2121.47,10989.09
6/30/2006,1270.2,2172.09,11150.22
7/7/2006,1265.48,2130.06,11090.67
7/14/2006,1236.2,2037.35,10739.35
7/21/2006,1240.29,2020.39,10868.38
7/28/2006,1278.55,2094.14,11219.7
8/4/2006,1279.36,2085.05,11240.35
8/11/2006,1266.74,2057.71,11088.03
8/18/2006,1302.3,2163.95,11381.47
8/25/2006,1295.09,2140.29,11284.05
9/1/2006,1311.01,2193.16,11464.15
9/8/2006,1298.92,2165.79,11392.11
9/15/2006,1319.87,2235.59,11560.77
9/22/2006,1314.78,2218.93,11508.1
9/29/2006,1335.85,2258.43,11679.07
10/6/2006,1349.58,2299.99,11850.21
10/13/2006,1365.62,2357.29,11960.51
10/20/2006,1368.6,2342.3,12002.37
10/27/2006,1377.34,2350.62,12090.26
11/3/2006,1364.3,2330.79,11986.04
11/10/2006,1380.9,2389.72,12108.43
11/17/2006,1401.2,2445.86,12342.56
11/24/2006,1400.95,2460.26,12280.17
12/1/2006,1396.71,2413.21,12194.13
12/8/2006,1409.84,2437.36,12307.49
12/15/2006,1427.09,2457.2,12445.52
12/22/2006,1410.76,2401.18,12343.22
12/29/2006,1418.3,2415.29,12463.15
1/5/2007,1409.71,2434.25,12398.01
1/12/2007,1430.73,2502.82,12556.08
1/19/2007,1430.5,2451.31,12565.53
1/26/2007,1422.18,2435.49,12487.02
2/2/2007,1448.39,2475.88,12653.49
2/9/2007,1438.06,2459.82,12580.83
2/16/2007,1455.54,2496.31,12767.57
2/23/2007,1451.19,2515.1,12647.48
3/2/2007,1387.17,2368,12114.1
3/9/2007,1402.85,2387.55,12276.32
3/16/2007,1386.95,2372.66,12110.41
3/23/2007,1436.11,2448.93,12481.01
3/30/2007,1420.86,2421.64,12354.35
4/5/2007,1443.76,2471.34,12560.2
4/13/2007,1452.85,2491.94,12612.13
4/20/2007,1484.35,2526.39,12961.98
4/27/2007,1494.07,2557.21,13120.94
5/4/2007,1505.62,2572.15,13264.62
5/11/2007,1505.85,2562.22,13326.22
5/18/2007,1522.75,2558.45,13556.53
5/25/2007,1515.73,2557.19,13507.28
6/1/2007,1536.34,2613.92,13668.11
6/8/2007,1507.67,2573.54,13424.39
6/15/2007,1532.91,2626.71,13639.48
6/22/2007,1502.56,2588.96,13360.26
6/29/2007,1503.35,2603.23,13408.62
7/6/2007,1525.88,2666.51,13611.68
7/13/2007,1552.5,2707,13907.25
7/20/2007,1534.1,2687.6,13851.08
7/27/2007,1458.95,2562.24,13265.47
8/3/2007,1433.06,2511.25,13181.91
8/10/2007,1453.64,2544.89,13239.54
8/17/2007,1445.94,2505.03,13079.08
8/24/2007,1479.37,2576.69,13378.87
8/31/2007,1473.99,2596.36,13357.74
9/7/2007,1453.55,2565.7,13113.38
9/14/2007,1484.25,2602.18,13442.52
9/21/2007,1525.75,2671.22,13820.19
9/28/2007,1526.75,2701.5,13895.63
10/5/2007,1557.59,2780.32,14066.01
10/12/2007,1561.8,2805.68,14093.08
10/19/2007,1500.63,2725.16,13522.02
10/26/2007,1535.28,2804.19,13806.7
11/2/2007,1509.65,2810.38,13595.1
11/9/2007,1453.7,2627.94,13042.74
11/16/2007,1458.74,2637.24,13176.79
11/23/2007,1440.7,2596.6,12980.88
11/30/2007,1481.14,2660.96,13371.72
12/7/2007,1504.66,2706.16,13625.58
12/14/2007,1467.95,2635.74,13339.85
12/21/2007,1484.46,2691.99,13450.65
12/28/2007,1478.49,2674.46,13365.87
1/4/2008,1411.63,2504.65,12800.18
1/11/2008,1401.02,2439.94,12606.3
1/18/2008,1325.19,2340.02,12099.3
1/25/2008,1330.61,2326.2,12207.17
2/1/2008,1395.42,2413.36,12743.19
2/8/2008,1331.29,2304.85,12182.13
2/15/2008,1349.99,2321.8,12348.21
2/22/2008,1353.11,2303.35,12381.02
2/29/2008,1330.63,2271.48,12266.39
3/7/2008,1293.37,2212.49,11893.69
3/14/2008,1288.14,2212.49,11951.09
3/20/2008,1329.51,2258.11,12361.32
3/28/2008,1315.22,2261.18,12216.4
4/4/2008,1370.4,2370.98,12609.42
4/11/2008,1332.83,2290.24,12325.42
4/18/2008,1390.33,2402.97,12849.36
4/25/2008,1397.84,2422.93,12891.86
5/2/2008,1413.9,2476.99,13058.2
5/9/2008,1388.28,2445.52,12745.88
5/16/2008,1425.35,2528.85,12986.8
5/23/2008,1375.93,2444.67,12479.63
5/30/2008,1400.38,2522.66,12638.32
6/6/2008,1360.68,2474.56,12209.81
6/13/2008,1357.5,2454.5,12307.35
6/20/2008,1317.93,2406.09,11842.69
6/27/2008,1278.38,2315.63,11346.51
7/3/2008,1262.9,2245.38,11288.54
7/11/2008,1239.49,2239.08,11100.54
7/18/2008,1260.68,2282.78,11496.57
7/25/2008,1257.76,2310.53,11370.69
8/1/2008,1260.31,2310.96,11326.32
8/8/2008,1296.31,2414.1,11734.32
8/15/2008,1298.19,2452.52,11659.9
8/22/2008,1292.19,2414.71,11628.06
8/29/2008,1282.82,2367.52,11543.55
9/5/2008,1242.31,2255.88,11220.96
9/12/2008,1251.69,2261.27,11421.99
9/19/2008,1255.07,2273.9,11388.44
9/26/2008,1213.27,2183.34,11143.13
10/3/2008,1099.23,1947.39,10325.38
10/10/2008,899.22,1649.51,8451.19
10/17/2008,940.55,1711.29,8852.22
10/24/2008,876.77,1552.03,8378.95
10/31/2008,968.75,1720.95,9325.01
11/7/2008,930.99,1647.4,8943.81
11/14/2008,873.29,1516.85,8497.31
11/21/2008,800.03,1384.35,8046.42
11/28/2008,896.24,1535.57,8829.04
12/5/2008,876.07,1509.31,8635.42
12/12/2008,879.73,1540.72,8629.68
12/19/2008,887.88,1564.32,8579.11
12/26/2008,872.8,1530.24,8515.55
1/2/2009,931.8,1632.21,9034.69
1/9/2009,890.35,1571.59,8599.18
1/16/2009,850.12,1529.33,8281.22
1/23/2009,831.95,1477.29,8077.56
1/30/2009,825.88,1476.42,8000.86
2/6/2009,868.6,1591.71,8280.59
2/13/2009,826.84,1534.36,7850.41
2/20/2009,770.05,1441.23,7365.67
2/27/2009,735.09,1377.84,7062.93
3/6/2009,683.38,1293.85,6626.94
3/13/2009,756.55,1431.5,7223.98
3/20/2009,768.54,1457.27,7278.38
3/27/2009,815.94,1545.2,7776.18
4/3/2009,842.5,1621.87,8017.59
4/9/2009,856.56,,
4/17/2009,869.6,1673.07,8131.33
4/24/2009,866.23,1694.29,8076.29
5/1/2009,877.52,1719.2,8212.41
5/8/2009,929.23,1739,8574.65
5/15/2009,882.88,1680.14,8268.64
5/22/2009,887,1692.01,8277.32
5/29/2009,919.14,1774.33,8500.33
6/5/2009,940.09,1849.42,8763.13
6/12/2009,946.21,1858.8,8799.26
6/19/2009,921.23,1827.47,8539.73
6/26/2009,918.9,1838.22,8438.39
7/10/2009,879.13,1756.03,8146.52
7/17/2009,940.38,1886.61,8743.94
7/24/2009,979.26,1965.96,9093.24
7/31/2009,987.48,1978.5,9171.61
8/7/2009,1010.48,2000.25,9370.07
8/14/2009,1004.09,1985.52,9321.4
8/21/2009,1026.13,2020.9,9505.96
8/28/2009,1028.93,2028.77,9544.2
9/4/2009,1016.4,2018.78,9441.27
9/11/2009,1042.73,2080.9,9605.41
9/18/2009,1068.3,2132.86,9820.2
9/25/2009,1044.38,2090.92,9665.19
10/2/2009,1025.21,2048.11,9487.67
10/9/2009,1071.49,2139.28,9864.94
10/16/2009,1087.68,2156.8,9995.91
10/23/2009,1079.6,2154.47,9972.18
10/30/2009,1036.18,2045.11,9712.73
11/6/2009,1069.3,2112.44,10023.42
11/13/2009,1093.48,2167.88,10270.47
11/20/2009,1091.38,2146.04,10318.16
11/27/2009,1091.49,2138.44,10309.92
12/4/2009,1105.98,2194.35,10388.9
12/11/2009,1106.41,2190.31,10471.5
12/18/2009,1102.47,2211.69,10328.89
1/8/2010,1144.98,2317.17,10618.19
1/15/2010,1136.03,2287.99,10609.65
1/22/2010,1091.76,2205.29,10172.98
1/29/2010,1073.87,2147.35,10067.33
2/5/2010,1066.18,2141.12,10012.23
2/12/2010,1075.51,2183.53,10099.14
2/19/2010,1109.17,2243.87,10402.35
2/26/2010,1104.49,2238.26,10325.26
3/5/2010,1138.69,2326.35,10566.2
3/12/2010,1149.99,2367.66,10624.69
3/19/2010,1159.9,2374.41,10741.98
3/26/2010,1166.59,2395.13,10850.36
4/9/2010,1194.37,2454.05,10997.35
4/16/2010,1192.13,2481.26,11018.66
4/23/2010,1217.28,2530.15,11204.28
4/30/2010,1186.68,2461.19,11008.61
5/7/2010,1110.88,2265.64,10380.43
5/14/2010,1135.68,2346.85,10620.16
5/21/2010,1087.69,2229.04,10193.39
5/28/2010,1089.41,2257.04,10136.63
6/4/2010,1064.88,2219.17,9931.97
6/11/2010,1091.6,2243.6,10211.07
6/18/2010,1117.51,2309.8,10450.64
6/25/2010,1076.76,2223.48,10143.81
7/2/2010,1022.58,2091.79,9686.48
7/9/2010,1077.96,2196.45,10198.03
7/16/2010,1064.88,2179.05,10097.9
7/23/2010,1102.66,2269.47,10424.62
7/30/2010,1101.6,2254.7,10465.94
8/6/2010,1121.64,2288.47,10653.56
8/13/2010,1079.25,2173.48,10303.15
8/20/2010,1071.69,2179.76,10213.62
8/27/2010,1064.59,2153.63,10150.65
9/3/2010,1104.51,2233.75,10447.93
9/10/2010,1109.55,2242.48,10462.77
9/17/2010,1125.59,2315.61,10607.85
9/24/2010,1148.67,2381.22,10860.26
10/1/2010,1146.24,2370.75,10829.68
10/8/2010,1165.15,2401.91,11006.48
10/15/2010,1176.19,2468.77,11062.78
10/22/2010,1183.08,2479.39,11132.56
10/29/2010,1183.26,2507.41,11118.49
11/5/2010,1225.85,2578.98,11444.08
11/12/2010,1199.21,2518.21,11192.58
11/19/2010,1199.73,2518.12,11203.55
11/26/2010,1189.4,2534.56,11092
12/3/2010,1224.71,2591.46,11382.09
12/10/2010,1240.4,2637.54,11410.32
12/17/2010,1243.91,2642.97,11491.91
12/23/2010,1256.77,2665.6,11573.49
12/31/2010,1257.64,2652.87,11577.51
1/7/2011,1271.5,2703.17,11674.76
1/14/2011,1293.24,2755.3,11787.38
1/21/2011,1283.35,2689.54,11871.84
1/28/2011,1276.34,2686.89,11823.7
2/4/2011,1310.87,2769.3,12092.15
2/11/2011,1329.15,2809.44,12273.26
2/18/2011,1343.01,2833.95,12391.25
2/25/2011,1319.88,2781.05,12130.45
3/4/2011,1321.15,2784.67,12169.88
3/11/2011,1304.28,2715.61,12044.4
3/18/2011,1279.2,2643.67,11858.52
3/25/2011,1313.8,2743.06,12220.59
4/1/2011,1332.41,2789.6,12376.72
4/8/2011,1328.17,2780.41,12380.05
4/15/2011,1319.68,2764.65,12341.83
4/21/2011,1337.38,2820.16,12505.99
4/29/2011,1363.61,2873.54,12810.54
5/6/2011,1340.2,2827.56,12638.74
5/13/2011,1337.77,2828.47,12595.75
5/20/2011,1333.27,2803.32,12512.04
5/27/2011,1331.1,2796.86,12441.58
6/3/2011,1300.16,2732.78,12151.26
6/10/2011,1270.98,2643.73,11951.91
6/17/2011,1271.5,2616.48,12004.36
6/24/2011,1268.45,2652.89,11934.58
7/1/2011,1339.67,2816.03,12582.77
7/8/2011,1343.8,2859.81,12657.2
7/15/2011,1316.14,2789.8,12479.73
7/22/2011,1345.02,2858.83,12681.16
7/29/2011,1292.28,2756.38,12143.24
8/5/2011,1199.38,2532.41,11444.61
8/12/2011,1178.81,2507.98,11269.02
8/19/2011,1123.53,2341.84,10817.65
8/26/2011,1176.8,2479.85,11284.54
9/2/2011,1173.97,2480.33,11240.26
9/9/2011,1154.23,2467.99,10992.13
9/16/2011,1216.01,2622.31,11509.09
9/23/2011,1136.43,2483.23,10771.48
9/30/2011,1131.42,2415.4,10913.38
10/7/2011,1155.46,2479.35,11103.12
10/14/2011,1224.58,2667.85,11644.49
10/21/2011,1238.25,2637.46,11808.79
10/28/2011,1285.08,2737.15,12231.11
11/4/2011,1253.23,2686.15,11983.24
11/11/2011,1263.85,2678.75,12153.68
11/18/2011,1215.65,2572.5,11796.16
11/25/2011,1158.67,2441.51,11231.78
12/2/2011,1244.28,2626.93,12019.42
12/9/2011,1255.19,2646.85,12184.26
12/16/2011,1219.66,2555.33,11866.39
12/23/2011,1265.33,2618.64,12294
12/30/2011,1257.6,2605.15,12217.56
1/6/2012,1277.81,2674.22,12359.92
1/13/2012,1289.09,2710.67,12422.06
1/20/2012,1315.38,2786.7,12720.48
1/27/2012,1316.33,2816.55,12660.46
2/3/2012,1344.9,2905.66,12862.23
2/10/2012,1342.64,2903.88,12801.23
2/17/2012,1361.23,2951.78,12949.87
2/24/2012,1365.74,2963.75,12982.95
3/2/2012,1369.63,2976.19,12977.57
3/9/2012,1370.87,2988.34,12922.02
3/16/2012,1404.17,3055.26,13232.62
3/23/2012,1397.11,3067.92,13080.73
3/30/2012,1408.47,3091.57,13212.04
4/5/2012,1398.08,3080.5,13060.14
4/13/2012,1370.26,3011.33,12849.59
4/20/2012,1378.53,3000.45,13029.26
4/27/2012,1403.36,3069.2,13228.31
5/4/2012,1369.1,2956.34,13038.27
5/11/2012,1353.39,2933.82,12820.6
5/18/2012,1295.22,2778.79,12369.38
5/25/2012,1317.82,2837.53,12454.83
6/1/2012,1278.04,2747.48,12118.57
6/8/2012,1325.66,2858.42,12554.2
6/15/2012,1342.84,2872.8,12767.17
6/22/2012,1335.02,2892.42,12640.78
6/29/2012,1362.16,2935.05,12880.09
7/6/2012,1354.68,2937.33,12772.47
7/13/2012,1356.78,2908.47,12777.09
7/20/2012,1362.66,2925.3,12822.57
7/27/2012,1385.97,2958.09,13075.66
8/3/2012,1390.99,2967.9,13096.17
8/10/2012,1405.87,3020.86,13207.95
8/17/2012,1418.16,3076.59,13275.2
8/24/2012,1411.13,3069.79,13157.97
8/31/2012,1406.58,3066.96,13090.84
9/7/2012,1437.92,3136.42,13306.64
9/14/2012,1465.77,3183.95,13593.37
9/21/2012,1460.15,3179.96,13579.47
9/28/2012,1440.67,3116.23,13437.13
10/5/2012,1460.93,3136.19,13610.15
10/12/2012,1428.59,3044.11,13328.85
10/19/2012,1433.19,3005.62,13343.51
10/26/2012,1411.94,2987.95,13107.21
11/2/2012,1414.2,2982.13,13093.16
11/9/2012,1379.85,2904.87,12815.39
11/16/2012,1359.88,2853.13,12588.31
11/23/2012,1409.15,2966.85,13009.68
11/30/2012,1416.18,3010.24,13025.58
12/7/2012,1418.07,2978.04,13155.13
12/14/2012,1413.58,2971.33,13135.01
12/21/2012,1430.15,3021.01,13190.84
12/28/2012,1402.43,2960.31,12938.11
1/4/2013,1466.47,3101.66,13435.21
1/11/2013,1472.05,3125.63,13488.43
1/18/2013,1485.98,3134.71,13649.7
1/25/2013,1502.96,3149.71,13895.98
2/1/2013,1513.17,3179.1,14009.79
2/8/2013,1517.93,3193.87,13992.97
2/15/2013,1519.79,3192.03,13981.76
2/22/2013,1515.6,3161.82,14000.57
3/1/2013,1518.2,3169.74,14089.66
3/8/2013,1551.18,3244.37,14397.07
3/15/2013,1560.7,3249.07,14514.11
3/22/2013,1556.89,3245,14512.03
3/28/2013,1569.19,3267.52,14578.54
4/5/2013,1553.28,3203.86,14565.25
4/12/2013,1588.85,3294.95,14865.06
4/19/2013,1555.25,3206.06,14547.51
4/26/2013,1582.24,3279.26,14712.55
5/3/2013,1614.42,3378.63,14973.96
5/10/2013,1633.7,3436.58,15118.49
5/17/2013,1667.47,3498.97,15354.4
5/24/2013,1649.6,3459.14,15303.1
5/31/2013,1630.74,3455.91,15115.57
6/7/2013,1643.38,3469.22,15248.12
6/14/2013,1626.73,3423.56,15070.18
6/21/2013,1592.43,3357.25,14799.4
6/28/2013,1606.28,3403.25,14909.6
7/5/2013,1631.89,3479.38,15135.84
7/12/2013,1680.19,3600.08,15464.3
7/19/2013,1692.09,3587.61,15543.74
7/26/2013,1691.65,3613.16,15558.83
8/2/2013,1709.67,3689.59,15658.36
8/9/2013,1691.42,3660.11,15425.51
8/16/2013,1655.83,3602.78,15081.47
8/23/2013,1663.5,3657.79,15010.51
8/30/2013,1632.97,3589.87,14810.31
9/6/2013,1655.17,3660.01,14922.5
9/13/2013,1687.99,3722.18,15376.06
9/20/2013,1709.91,3774.73,15451.09
9/27/2013,1691.75,3781.59,15258.24
10/4/2013,1690.5,3807.75,15072.58
10/11/2013,1703.2,3791.87,15237.11
10/18/2013,1744.5,3914.28,15399.65
10/25/2013,1759.77,3943.36,15570.28
11/1/2013,1761.64,3922.04,15615.55
11/8/2013,1770.61,3919.23,15761.78
11/15/2013,1798.18,3985.97,15961.7
11/22/2013,1804.76,3991.65,16064.77
11/29/2013,1805.81,4059.89,16086.41
12/6/2013,1805.09,4062.52,16020.2
12/13/2013,1775.32,4000.98,15755.36
12/20/2013,1818.32,4104.74,16221.14
12/27/2013,1841.4,4156.59,16478.41
1/3/2014,1831.37,4131.91,16469.99
1/10/2014,1842.37,4174.66,16437.05
1/17/2014,1838.7,4197.58,16458.56
1/24/2014,1790.29,4128.17,15879.11
1/31/2014,1782.59,4103.88,15698.85
2/7/2014,1797.02,4125.86,15794.08
2/14/2014,1838.63,4244.03,16154.39
2/21/2014,1836.25,4263.41,16103.3
2/28/2014,1859.45,4308.12,16321.71
3/7/2014,1878.04,4336.22,16452.72
3/14/2014,1841.13,4245.4,16065.67
3/21/2014,1866.52,4276.79,16302.77
3/28/2014,1857.62,4155.76,16323.06
4/4/2014,1865.09,4127.73,16412.71
4/11/2014,1815.69,3999.73,16026.75
4/17/2014,1864.85,4095.52,16408.54
4/25/2014,1863.4,4075.56,16361.46
5/2/2014,1881.14,4123.9,16512.89
5/9/2014,1878.48,4071.87,16583.34
5/16/2014,1877.86,4090.59,16491.31
5/23/2014,1900.53,4185.81,16606.27
5/30/2014,1923.57,4242.62,16717.17
6/6/2014,1949.44,4321.4,16924.28
6/13/2014,1936.16,4310.65,16775.74
6/20/2014,1962.87,4368.04,16947.08
6/27/2014,1960.96,4397.93,16851.84
7/3/2014,1985.44,4485.93,17068.26
7/11/2014,1967.57,4415.49,16943.81
7/18/2014,1978.22,4432.15,17100.18
7/25/2014,1978.34,4449.56,16960.57
8/1/2014,1925.15,4352.64,16493.37
8/8/2014,1931.59,4370.9,16553.93
8/15/2014,1955.06,4464.93,16662.91
8/22/2014,1988.4,4538.55,17001.22
8/29/2014,2003.37,4580.27,17098.45
9/5/2014,2007.71,4582.9,17137.36
9/12/2014,1985.54,4567.6,16987.51
9/19/2014,2010.4,4579.79,17279.74
9/26/2014,1982.85,4512.19,17113.15
10/3/2014,1967.9,4475.62,17009.69
10/10/2014,1906.13,4276.24,16544.1
10/17/2014,1886.76,4258.44,16380.41
10/24/2014,1964.58,4483.72,16805.41
10/31/2014,2018.05,4630.74,17390.52
11/7/2014,2031.92,4632.53,17573.93
11/14/2014,2039.82,4688.54,17634.74
11/21/2014,2063.5,4712.97,17810.06
11/28/2014,2067.56,4791.63,17828.24
12/5/2014,2075.37,4780.76,17958.79
12/12/2014,2002.33,4653.6,17280.83
12/19/2014,2070.65,4765.38,17804.8
12/26/2014,2088.77,4806.86,18053.71
1/2/2015,2058.2,4726.81,17832.99
1/9/2015,2044.81,4704.07,17737.37
1/16/2015,2019.42,4634.38,17511.57
1/23/2015,2051.82,4757.88,17672.6
1/30/2015,1994.99,4635.24,17164.95
2/6/2015,2055.47,4744.4,17824.29
2/13/2015,2096.99,4893.84,18019.35
2/20/2015,2110.3,4955.97,18140.44
2/27/2015,2104.5,4963.53,18132.7
3/6/2015,2071.26,4927.37,17856.78
3/13/2015,2053.4,4871.76,17749.31
3/20/2015,2108.1,5026.42,18127.65
3/27/2015,2061.02,4891.22,17712.66
4/2/2015,2066.96,4886.94,17763.24
4/10/2015,2102.06,4995.98,18057.65
4/17/2015,2081.18,4931.81,17826.3
4/24/2015,2117.69,5092.08,18080.14
5/1/2015,2108.29,5005.39,18024.06
5/8/2015,2116.1,5003.55,18191.11
5/15/2015,2122.73,5048.29,18272.56
5/22/2015,2126.06,5089.36,18232.02
5/29/2015,2107.39,5070.03,18010.68
6/5/2015,2092.83,5068.46,17849.46
6/12/2015,2094.11,5051.1,17898.84
6/19/2015,2109.99,5117,18015.95
6/26/2015,2101.49,5080.51,17946.68
7/2/2015,2076.78,5009.21,17730.11
7/10/2015,2076.62,4997.7,17760.41
7/17/2015,2126.64,5210.14,18086.45
7/24/2015,2079.65,5088.63,17568.53
7/31/2015,2103.84,5128.28,17689.86
8/7/2015,2077.57,5043.54,17373.38
8/14/2015,2091.54,5048.24,17477.4
8/21/2015,1970.89,4706.04,16459.75
8/28/2015,1988.87,4828.32,16643.01
9/4/2015,1921.22,4683.92,16102.38
9/11/2015,1961.05,4822.34,16433.09
9/18/2015,1958.08,4827.23,16384.79
9/25/2015,1931.34,4686.5,16314.67
10/2/2015,1951.36,4707.78,16472.37
10/9/2015,2014.89,4830.47,17084.49
10/16/2015,2033.11,4886.69,17215.97
10/23/2015,2075.15,5031.86,17646.7
10/30/2015,2079.36,5053.75,17663.54
11/6/2015,2099.2,5147.12,17910.33
11/13/2015,2023.04,4927.88,17245.24
11/20/2015,2089.17,5104.92,17823.81
11/27/2015,2090.11,5127.52,17798.49
12/4/2015,2091.69,5142.27,17847.63
12/11/2015,2012.37,4933.47,17265.21
12/18/2015,2005.55,4923.08,17128.55
12/24/2015,2060.99,5048.49,17552.17
12/31/2015,2043.94,5007.41,17425.03
1/8/2016,1922.03,4643.63,16346.45
1/15/2016,1880.29,4488.42,15988.08
1/22/2016,1906.9,4591.18,16093.51
1/29/2016,1940.24,4613.95,16466.3
2/5/2016,1880.02,4363.14,16204.83
2/12/2016,1864.78,4337.51,15973.84
2/19/2016,1917.78,4504.43,16391.99
2/26/2016,1948.05,4590.47,16639.97
3/4/2016,1999.99,4717.02,17006.77
3/11/2016,2022.19,4748.47,17213.31
3/18/2016,2049.56,4795.65,17602.3
3/24/2016,2035.94,4773.5,17515.73
4/1/2016,2072.78,4914.54,17792.75
4/8/2016,2047.6,4850.69,17576.96
4/15/2016,2080.73,4938.22,17897.46
4/22/2016,2091.58,4906.23,18003.75
4/29/2016,2065.3,4775.36,17773.64
5/6/2016,2057.14,4736.16,17740.63
5/13/2016,2046.61,4717.68,17535.32
5/20/2016,2052.32,4769.56,17500.94
5/27/2016,2099.06,4933.5,17873.22
6/3/2016,2099.13,4942.52,17807.06
6/10/2016,2096.07,4894.55,17865.34
6/17/2016,2071.22,4800.34,17675.16
6/24/2016,2037.41,4707.98,17400.75
7/1/2016,2102.95,4862.57,17949.37
7/8/2016,2129.9,4956.76,18146.74
7/15/2016,2161.74,5029.59,18516.55
7/22/2016,2175.03,5100.16,18570.85
7/29/2016,2173.6,5162.13,18432.24
8/5/2016,2182.87,5221.12,18543.53
8/12/2016,2184.05,5232.89,18576.47
8/19/2016,2183.87,5238.38,18552.57
8/26/2016,2169.04,5218.92,18395.4
9/2/2016,2179.98,5249.9,18491.96
9/9/2016,2127.81,5125.91,18085.45
9/16/2016,2139.16,5244.57,18123.8
9/23/2016,2164.69,5305.75,18261.45
9/30/2016,2168.27,5312,18308.15
10/7/2016,2153.74,5292.4,18240.49
10/14/2016,2132.98,5214.16,18138.38
10/21/2016,2141.16,5257.4,18145.71
10/28/2016,2126.41,5190.1,18161.19
11/4/2016,2085.18,5046.37,17888.28
11/11/2016,2164.45,5237.11,18847.66
11/18/2016,2181.9,5321.51,18867.93
11/25/2016,2213.35,5398.92,19152.14
12/2/2016,2191.95,5255.65,19170.42
12/9/2016,2259.53,5444.5,19756.85
12/16/2016,2258.07,5437.16,19843.41
12/23/2016,2263.79,5462.69,19933.81
12/30/2016,2238.83,5383.12,19762.6
1/6/2017,2276.98,5521.06,19963.8
1/13/2017,2274.64,5574.12,19885.73
1/20/2017,2271.31,5555.33,19827.25
1/27/2017,2294.69,5660.78,20093.78
2/3/2017,2297.42,5666.77,20071.46
2/10/2017,2316.1,5734.13,20269.37
2/17/2017,2351.16,5838.58,20624.05
2/24/2017,2367.34,5845.31,20821.76
3/3/2017,2383.12,5870.75,21005.71
3/10/2017,2372.6,5861.73,20902.98
3/17/2017,2378.25,5901,20914.62
3/24/2017,2343.98,5828.74,20596.72
3/31/2017,2362.72,5911.74,20663.22
4/7/2017,2355.54,5877.81,20656.1
4/13/2017,2328.95,5805.15,20453.25
4/21/2017,2348.69,5910.52,20547.76
4/28/2017,2384.2,6047.61,20940.51
5/5/2017,2399.29,6100.76,21006.94
5/12/2017,2390.9,6121.23,20896.61
5/19/2017,2381.73,6083.7,20804.84
5/26/2017,2415.82,6210.19,21080.28
6/2/2017,2439.07,6305.8,21206.29
6/9/2017,2431.77,6207.92,21271.97
6/16/2017,2433.15,6151.76,21384.28
6/23/2017,2438.3,6265.25,21394.76
6/30/2017,2423.41,6140.42,21349.63
7/7/2017,2425.18,6153.08,21414.34
7/14/2017,2459.27,6312.47,21637.74
7/21/2017,2472.54,6387.75,21580.07
7/28/2017,2472.1,6374.68,21830.31
8/4/2017,2476.83,6351.56,22092.81
8/11/2017,2441.32,6256.56,21858.32
8/18/2017,2425.55,6216.53,21674.51
8/25/2017,2443.05,6265.64,21813.67
8/29/2017,2446.3,6301.8857,21865.37
9/23/1999,,2749.83,
6/20/2003,,1644.72,
