Date,S&P_500,NASDAQ,Dow_Jones
1977-09-02,97.45,100.83,872.31
1977-09-09,96.37,100.91,857.04
1977-09-16,96.48,100.74,856.81
1977-09-23,95.04,99.57,839.14
1977-09-30,96.53,100.85,847.11
1977-10-07,95.97,101.62,840.35
1977-10-14,93.56,99.05,821.64
1977-10-21,92.32,98.54,808.3
1977-10-28,92.61,97.49,822.68
1977-11-04,91.58,97.21,809.94
1977-11-11,95.98,100.94,845.89
1977-11-18,95.33,102.22,835.76
1977-11-25,96.69,104.33,844.42
1977-12-02,94.67,104.1,823.98
1977-12-09,93.65,103.57,815.23
1977-12-16,93.4,104.05,815.32
1977-12-23,94.69,103.94,829.87
1977-12-30,95.1,105.05,831.17
1978-01-06,91.62,101.66,793.49
1978-01-13,89.69,99.77,775.73
1978-01-20,89.89,100.63,776.94
1978-01-27,88.58,100.62,764.12
1978-02-03,89.62,102.22,770.96
1978-02-10,90.08,103.58,775.99
1978-02-17,87.96,102.25,752.69
1978-02-24,88.49,102.7,756.24
1978-03-03,87.45,101.95,747.31
1978-03-10,88.88,103.42,758.58
1978-03-17,90.2,104.94,768.71
1978-03-23,89.36,105.39,756.5
1978-03-31,89.21,106.2,757.36
1978-04-07,90.17,108.23,769.58
1978-04-14,92.92,111.29,795.13
1978-04-21,94.34,113.32,812.8
1978-04-28,96.83,115.18,837.32
1978-05-05,96.53,117.27,829.09
1978-05-12,98.07,119.4,840.7
1978-05-19,98.12,121.57,846.85
1978-05-26,96.58,119.86,831.69
1978-06-02,98.14,121.03,847.54
1978-06-09,99.93,124.41,859.23
1978-06-16,97.42,123.69,836.97
1978-06-23,95.85,120.74,823.02
1978-06-30,95.53,120.3,818.95
1978-07-07,94.89,119.16,812.46
1978-07-14,97.58,121.58,839.83
1978-07-21,97.75,123.6,833.42
1978-07-28,100.0,125.62,856.29
1978-08-04,103.92,129.71,888.43
1978-08-11,103.96,132.0,890.85
1978-08-18,104.73,134.71,896.83
1978-08-25,104.9,135.84,895.53
1978-09-01,103.68,135.35,879.33
1978-09-08,106.79,138.36,907.74
1978-09-15,104.12,137.36,878.55
1978-09-22,101.84,132.3,862.44
1978-09-29,102.54,132.89,865.82
1978-10-06,103.52,134.0,880.02
1978-10-13,104.66,135.58,897.09
1978-10-20,97.95,123.82,838.01
1978-10-27,94.59,115.25,806.05
1978-11-03,96.18,115.49,823.11
1978-11-10,94.77,114.84,807.09
1978-11-17,94.42,113.69,797.73
1978-11-24,95.79,116.17,810.12
1978-12-01,96.28,116.19,811.5
1978-12-08,96.63,118.77,811.85
1978-12-15,95.33,117.41,805.35
1978-12-22,96.31,116.93,808.47
1978-12-29,96.11,117.98,805.01
1979-01-05,99.13,122.05,830.73
1979-01-12,99.93,123.74,836.28
1979-01-19,99.75,124.65,837.49
1979-01-26,101.86,127.04,859.75
1979-02-02,99.5,125.82,834.63
1979-02-09,97.87,123.76,822.23
1979-02-16,98.67,125.57,827.01
1979-02-23,97.78,125.04,823.28
1979-03-02,96.97,123.67,815.75
1979-03-09,99.54,127.25,842.86
1979-03-16,100.69,128.55,852.82
1979-03-23,101.6,130.58,859.75
1979-03-30,101.59,131.76,862.18
1979-04-06,103.18,133.75,875.69
1979-04-12,102.0,133.54,870.5
1979-04-20,101.23,133.67,856.98
1979-04-27,101.8,134.37,856.64
1979-05-04,100.69,133.72,847.54
1979-05-11,98.52,129.69,830.56
1979-05-18,99.93,131.01,841.91
1979-05-25,100.22,132.68,836.28
1979-06-01,99.17,131.76,821.21
1979-06-08,101.49,134.96,835.15
1979-06-15,102.09,136.25,843.3
1979-06-22,102.64,137.24,849.1
1979-06-29,102.91,138.13,841.98
1979-07-06,103.62,138.64,846.16
1979-07-13,102.32,138.52,833.53
1979-07-20,101.82,137.98,828.07
1979-07-27,103.1,140.02,839.76
1979-08-03,104.04,142.63,846.16
1979-08-10,106.4,145.07,867.06
1979-08-17,108.3,147.84,883.36
1979-08-24,108.6,149.4,880.2
1979-08-31,109.32,150.44,887.63
1979-09-07,107.66,148.07,874.15
1979-09-14,108.76,150.56,879.1
1979-09-21,110.47,150.65,893.94
1979-09-28,109.32,149.98,878.58
1979-10-05,111.27,152.29,897.61
1979-10-12,104.49,140.71,838.99
1979-10-19,101.6,136.59,814.68
1979-10-26,100.57,133.75,809.3
1979-11-02,102.51,136.88,818.94
1979-11-09,101.51,135.86,806.48
1979-11-16,103.79,139.07,815.7
1979-11-23,104.67,139.85,811.77
1979-11-30,106.16,144.26,822.35
1979-12-07,107.52,147.49,833.19
1979-12-14,108.92,150.03,842.75
1979-12-21,107.59,150.17,838.91
1979-12-28,107.84,150.83,838.91
1980-01-04,106.52,148.02,828.84
1980-01-11,109.92,153.87,858.53
1980-01-18,111.07,156.14,867.15
1980-01-25,113.61,159.7,876.11
1980-02-01,115.12,162.3,881.48
1980-02-08,117.95,165.25,895.73
1980-02-15,115.41,162.56,884.98
1980-02-22,115.04,160.08,868.77
1980-02-29,113.66,158.03,863.14
1980-03-07,106.9,146.19,820.56
1980-03-14,105.43,144.44,811.69
1980-03-21,102.31,138.8,785.15
1980-03-28,100.68,129.25,777.65
1980-04-03,102.15,136.01,784.13
1980-04-11,103.79,137.75,791.55
1980-04-18,100.55,134.66,763.4
1980-04-25,105.16,137.92,803.58
1980-05-02,105.58,140.25,810.92
1980-05-09,104.72,143.06,805.8
1980-05-16,107.35,147.24,826.88
1980-05-23,110.62,149.48,854.1
1980-05-30,111.24,150.45,850.85
1980-06-06,113.2,152.68,861.52
1980-06-13,115.81,156.59,876.37
1980-06-20,114.06,156.51,869.71
1980-06-27,116.0,159.18,881.83
1980-07-03,117.46,160.87,888.91
1980-07-11,117.84,164.82,891.13
1980-07-18,122.04,169.99,923.98
1980-07-25,120.78,169.63,918.09
1980-08-01,121.21,172.49,931.48
1980-08-08,123.61,175.88,954.69
1980-08-15,125.72,179.89,966.72
1980-08-22,126.02,181.7,958.19
1980-08-29,122.38,181.52,932.59
1980-09-05,124.88,185.61,940.96
1980-09-12,125.54,189.58,936.52
1980-09-19,129.25,195.33,963.74
1980-09-26,126.35,190.77,940.1
1980-10-03,129.33,193.43,950.68
1980-10-10,130.29,197.79,950.68
1980-10-17,131.52,197.24,956.14
1980-10-24,129.85,196.17,943.6
1980-10-31,127.47,192.78,924.49
1980-11-07,129.18,193.51,932.42
1980-11-14,137.15,201.76,986.35
1980-11-21,139.11,206.07,989.93
1980-11-28,140.52,208.15,993.34
1980-12-05,134.03,203.02,956.23
1980-12-12,129.23,191.22,917.15
1980-12-19,133.7,197.91,937.2
1980-12-26,136.57,201.28,966.38
1981-01-02,136.34,203.55,972.78
1981-01-09,133.48,197.66,968.69
1981-01-16,134.77,201.13,973.29
1981-01-23,130.23,197.52,940.19
1981-01-30,129.55,197.81,947.27
1981-02-06,130.6,197.87,952.3
1981-02-13,126.98,193.89,931.57
1981-02-20,126.58,192.29,936.09
1981-02-27,131.27,198.01,974.58
1981-03-06,129.85,199.89,964.62
1981-03-13,133.11,202.17,985.77
1981-03-20,134.08,206.29,992.8
1981-03-27,134.65,208.82,994.78
1981-04-03,135.49,212.65,1007.11
1981-04-10,134.51,215.15,1000.27
1981-04-16,134.7,216.64,1005.58
1981-04-24,135.14,219.56,1020.35
1981-05-01,132.72,216.68,995.59
1981-05-08,131.66,214.84,976.4
1981-05-15,132.17,216.51,985.95
1981-05-22,131.33,219.23,971.72
1981-05-29,132.59,223.47,991.75
1981-06-05,132.22,221.3,993.79
1981-06-12,133.49,222.76,1006.28
1981-06-19,132.27,219.56,996.19
1981-06-26,132.56,219.76,992.87
1981-07-02,128.64,212.8,959.19
1981-07-10,129.37,210.54,955.67
1981-07-17,130.76,212.76,958.9
1981-07-24,128.46,208.0,936.74
1981-07-31,130.92,211.63,952.34
1981-08-07,131.75,211.36,942.54
1981-08-14,132.49,212.12,936.93
1981-08-21,129.23,206.76,920.57
1981-08-28,124.08,197.55,892.22
1981-09-04,120.07,189.63,861.68
1981-09-11,121.61,189.81,872.81
1981-09-18,116.26,184.27,836.19
1981-09-25,112.77,175.12,824.01
1981-10-02,119.36,184.37,860.73
1981-10-09,121.45,191.27,873.0
1981-10-16,119.19,190.24,851.69
1981-10-23,118.6,191.91,837.99
1981-10-30,121.89,195.24,852.55
1981-11-06,122.67,199.97,852.45
1981-11-13,121.67,200.16,855.88
1981-11-20,121.71,198.6,852.93
1981-11-27,125.09,201.02,885.94
1981-12-04,126.26,200.88,892.69
1981-12-11,124.93,198.64,886.51
1981-12-18,124.0,197.01,875.76
1981-12-24,122.54,195.7,873.38
1981-12-31,122.55,195.84,875.0
1982-01-08,119.55,192.05,866.53
1982-01-15,116.33,187.32,847.6
1982-01-22,115.38,185.83,845.03
1982-01-29,120.4,188.39,871.1
1982-02-05,117.26,188.21,851.03
1982-02-12,114.38,182.52,833.81
1982-02-19,113.22,180.65,824.3
1982-02-26,113.11,179.43,824.39
1982-03-05,109.34,173.97,807.36
1982-03-12,108.61,168.23,797.37
1982-03-19,110.61,171.76,805.65
1982-03-26,111.94,175.2,817.92
1982-04-02,115.12,178.56,838.57
1982-04-08,116.22,181.15,842.94
1982-04-16,116.81,182.25,843.42
1982-04-23,118.64,184.93,862.16
1982-04-30,116.44,184.7,848.36
1982-05-07,119.47,188.13,869.2
1982-05-14,118.01,188.22,857.78
1982-05-21,114.89,182.4,835.9
1982-05-28,111.88,178.54,819.54
1982-06-04,110.09,174.82,804.98
1982-06-11,111.24,173.55,809.74
1982-06-18,107.28,168.5,788.62
1982-06-25,109.14,170.48,803.08
1982-07-02,107.65,170.05,796.99
1982-07-09,108.83,168.07,814.12
1982-07-16,111.07,170.18,828.67
1982-07-23,111.17,172.11,830.57
1982-07-30,107.09,167.35,808.6
1982-08-06,103.71,163.59,784.34
1982-08-13,103.85,159.14,788.05
1982-08-20,113.02,166.96,869.29
1982-08-27,117.11,177.6,883.47
1982-09-03,122.68,182.05,925.13
1982-09-10,120.97,182.47,906.82
1982-09-17,122.55,186.61,916.94
1982-09-24,123.32,188.61,919.52
1982-10-01,121.97,188.7,907.74
1982-10-08,131.05,198.89,986.85
1982-10-15,133.57,204.46,993.1
1982-10-22,138.83,215.29,1031.46
1982-10-29,133.72,212.63,991.72
1982-11-05,142.16,227.03,1051.78
1982-11-12,139.53,232.61,1039.92
1982-11-19,137.02,229.41,1021.25
1982-11-26,134.88,228.64,1007.36
1982-12-03,138.69,237.16,1031.36
1982-12-10,139.57,233.85,1018.76
1982-12-17,137.49,228.93,1011.5
1982-12-23,139.72,232.33,1045.07
1982-12-31,140.64,232.41,1046.54
1983-01-07,145.18,238.6,1076.07
1983-01-14,146.65,245.63,1080.85
1983-01-21,143.85,243.97,1052.98
1983-01-28,144.51,246.93,1064.75
1983-02-04,146.14,251.65,1077.91
1983-02-11,147.65,256.64,1086.5
1983-02-18,148.0,261.29,1092.82
1983-02-25,149.74,262.44,1120.94
1983-03-04,153.67,265.94,1140.96
1983-03-11,151.24,266.18,1117.74
1983-03-18,149.9,265.01,1117.74
1983-03-25,152.67,270.89,1140.09
1983-03-31,152.96,270.8,1130.03
1983-04-08,152.85,268.1,1124.71
1983-04-15,158.75,281.6,1171.34
1983-04-22,160.42,288.55,1196.3
1983-04-29,164.43,293.06,1226.2
1983-05-06,166.1,301.64,1232.59
1983-05-13,164.91,303.94,1218.75
1983-05-20,162.14,303.56,1190.02
1983-05-27,164.46,312.05,1216.14
1983-06-03,164.42,313.85,1213.04
1983-06-10,162.68,315.24,1196.11
1983-06-17,169.13,326.11,1242.19
1983-06-24,170.41,328.91,1241.69
1983-07-01,168.64,321.58,1225.26
1983-07-08,167.08,319.57,1207.23
1983-07-15,164.29,312.87,1192.31
1983-07-22,168.89,320.71,1231.17
1983-07-29,162.56,303.96,1199.22
1983-08-05,161.74,300.2,1183.29
1983-08-12,162.16,299.58,1182.83
1983-08-19,163.98,299.1,1194.21
1983-08-26,162.14,290.31,1192.07
1983-09-02,165.0,297.85,1215.45
1983-09-09,166.92,302.23,1239.74
1983-09-16,166.25,298.27,1225.71
1983-09-23,169.51,303.61,1255.59
1983-09-30,166.07,296.65,1233.13
1983-10-07,170.8,297.36,1272.15
1983-10-14,169.86,289.65,1263.52
1983-10-21,165.95,279.49,1248.88
1983-10-28,163.37,276.14,1223.48
1983-11-04,162.44,273.17,1218.29
1983-11-11,166.29,277.13,1250.2
1983-11-18,165.09,281.28,1251.02
1983-11-25,167.18,285.49,1277.44
1983-12-02,165.44,283.91,1265.24
1983-12-09,165.08,280.51,1260.06
1983-12-16,162.39,276.01,1242.17
1983-12-23,163.22,276.54,1250.51
1983-12-30,164.93,278.6,1258.64
1984-01-06,169.28,287.9,1286.64
1984-01-13,167.02,286.85,1270.1
1984-01-20,166.21,284.41,1259.11
1984-01-27,163.94,273.18,1230.0
1984-02-03,160.91,264.01,1197.03
1984-02-10,156.3,254.04,1160.7
1984-02-17,155.74,251.33,1148.87
1984-02-24,157.51,251.44,1165.1
1984-03-02,159.24,255.54,1171.48
1984-03-09,154.35,249.01,1139.76
1984-03-16,159.27,253.37,1184.36
1984-03-23,156.86,249.98,1154.84
1984-03-30,159.18,250.78,1164.89
1984-04-06,155.48,243.94,1132.22
1984-04-13,157.31,244.01,1150.13
1984-04-19,158.02,245.35,1158.08
1984-04-27,159.89,246.9,1169.07
1984-05-04,159.11,250.89,1165.31
1984-05-11,158.49,250.57,1157.14
1984-05-18,155.78,244.61,1133.79
1984-05-25,151.62,235.23,1107.1
1984-06-01,153.24,235.9,1124.35
1984-06-08,155.17,240.35,1131.25
1984-06-15,149.03,235.64,1086.9
1984-06-22,154.46,241.11,1131.07
1984-06-29,153.18,239.65,1132.4
1984-07-06,152.24,236.72,1122.57
1984-07-13,150.88,234.67,1109.87
1984-07-20,149.55,229.37,1101.37
1984-07-27,151.19,229.3,1114.62
1984-08-03,162.35,246.24,1202.08
1984-08-10,165.42,252.43,1218.09
1984-08-17,164.14,250.37,1211.9
1984-08-24,167.51,254.78,1236.53
1984-08-31,166.68,254.64,1224.38
1984-09-07,164.37,251.68,1207.38
1984-09-14,168.78,255.6,1237.52
1984-09-21,165.67,252.68,1201.74
1984-09-28,166.1,249.94,1206.71
1984-10-05,162.68,245.46,1182.53
1984-10-12,164.18,246.2,1190.7
1984-10-19,167.96,251.2,1225.93
1984-10-26,165.29,247.4,1204.95
1984-11-02,167.42,248.0,1216.65
1984-11-09,167.6,249.5,1218.97
1984-11-16,164.1,245.1,1187.94
1984-11-23,166.92,245.3,1220.3
1984-11-30,163.58,242.4,1188.94
1984-12-07,162.26,239.3,1163.21
1984-12-14,162.69,239.0,1175.91
1984-12-21,165.51,244.8,1198.98
1984-12-28,166.26,245.9,1204.17
1985-01-04,163.68,246.1,1184.96
1985-01-11,167.91,252.2,1218.09
1985-01-18,171.32,263.1,1227.36
1985-01-25,177.35,274.0,1276.06
1985-02-01,178.63,278.4,1277.72
1985-02-08,182.19,288.4,1289.97
1985-02-15,181.6,287.7,1282.02
1985-02-22,179.36,286.2,1275.84
1985-03-01,183.23,287.2,1299.36
1985-03-08,179.1,282.4,1269.66
1985-03-15,176.53,278.0,1247.35
1985-03-22,179.04,278.9,1267.45
1985-03-29,180.66,279.2,1266.78
1985-04-04,179.03,277.4,1259.05
1985-04-12,180.54,280.6,1265.68
1985-04-19,181.11,282.8,1266.56
1985-04-26,182.18,284.1,1275.18
1985-05-03,180.08,280.3,1247.24
1985-05-10,184.28,287.5,1274.18
1985-05-17,187.42,291.7,1285.34
1985-05-24,188.29,292.1,1301.97
1985-05-31,189.55,290.8,1315.41
1985-06-07,189.68,291.0,1316.42
1985-06-14,187.1,288.0,1300.96
1985-06-21,189.61,288.7,1324.48
1985-06-28,191.85,296.2,1335.46
1985-07-05,192.52,298.6,1334.45
1985-07-12,193.29,302.4,1338.6
1985-07-19,195.13,307.8,1359.54
1985-07-26,192.4,304.6,1357.08
1985-08-02,191.48,304.5,1353.05
1985-08-09,188.32,299.1,1320.79
1985-08-16,186.1,296.5,1312.72
1985-08-23,187.17,296.7,1318.32
1985-08-30,188.63,297.7,1334.01
1985-09-06,188.24,296.2,1335.69
1985-09-13,182.91,287.2,1307.68
1985-09-20,182.05,284.4,1297.94
1985-09-26,181.29,280.2,1320.79
1985-10-04,183.22,280.5,1328.74
1985-10-11,184.28,281.8,1339.94
1985-10-18,187.04,288.4,1368.84
1985-10-25,187.52,289.5,1356.52
1985-11-01,191.53,294.1,1390.25
1985-11-08,193.72,300.0,1404.36
1985-11-15,198.11,306.2,1435.09
1985-11-22,201.52,310.8,1464.33
1985-11-29,202.17,314.0,1472.13
1985-12-06,202.99,316.6,1477.18
1985-12-13,209.94,324.0,1535.21
1985-12-20,210.94,323.1,1543.0
1985-12-27,209.61,322.8,1543.0
1986-01-03,210.88,325.7,1549.2
1986-01-10,205.96,324.4,1513.53
1986-01-17,208.43,330.7,1536.7
1986-01-24,206.43,328.9,1529.93
1986-01-31,211.78,335.8,1570.99
1986-02-07,214.56,342.2,1613.42
1986-02-14,219.76,350.2,1664.45
1986-02-21,224.62,355.65,1697.71
1986-02-28,226.92,359.5,1709.06
1986-03-07,225.57,362.2,1699.83
1986-03-14,236.55,371.8,1792.74
1986-03-21,233.34,372.6,1768.56
1986-03-27,238.97,373.3,1821.72
1986-04-04,228.69,372.2,1739.22
1986-04-11,235.97,378.9,1790.18
1986-04-18,242.38,390.1,1840.4
1986-04-25,242.29,392.3,1835.57
1986-05-02,234.79,383.2,1774.68
1986-05-09,237.85,389.1,1789.43
1986-05-16,232.76,384.7,1759.8
1986-05-23,241.35,391.9,1823.29
1986-05-30,247.35,400.2,1876.71
1986-06-06,245.67,400.3,1885.9
1986-06-13,245.73,399.6,1874.19
1986-06-20,247.58,396.9,1879.54
1986-06-27,249.6,403.6,1885.26
1986-07-03,251.79,411.2,1900.87
1986-07-11,242.22,391.6,1821.43
1986-07-18,236.36,381.1,1777.98
1986-07-25,240.22,379.8,1810.04
1986-08-01,234.91,370.7,1763.64
1986-08-08,236.88,365.8,1782.62
1986-08-15,247.15,380.2,1855.6
1986-08-22,250.19,381.5,1887.8
1986-08-29,252.93,382.9,1898.34
1986-09-05,250.47,378.4,1899.75
1986-09-12,230.67,346.8,1758.72
1986-09-19,232.21,349.4,1762.65
1986-09-26,232.23,351.6,1769.69
1986-10-03,233.71,352.8,1774.18
1986-10-10,235.48,353.5,1793.17
1986-10-17,238.84,355.7,1837.04
1986-10-24,238.26,356.7,1832.36
1986-10-31,243.98,360.8,1877.71
1986-11-07,245.77,361.0,1886.53
1986-11-14,244.5,358.5,1873.59
1986-11-21,245.86,354.7,1893.56
1986-11-28,249.22,359.6,1914.23
1986-12-05,251.17,363.0,1925.06
1986-12-12,247.35,355.9,1912.26
1986-12-19,249.73,352.2,1928.85
1986-12-26,246.92,349.9,1930.4
1987-01-02,246.45,353.2,1927.31
1987-01-09,258.73,380.7,2005.91
1987-01-16,266.28,389.9,2076.63
1987-01-23,270.1,392.2,2101.52
1987-01-30,274.08,392.1,2158.04
1987-02-06,280.04,406.9,2186.87
1987-02-13,279.7,412.5,2183.35
1987-02-20,285.48,417.2,2235.24
1987-02-27,284.2,425.0,2223.99
1987-03-06,290.66,429.5,2280.23
1987-03-13,289.89,432.0,2258.66
1987-03-20,298.17,439.6,2333.52
1987-03-27,296.13,436.6,2335.8
1987-04-03,300.41,437.4,2390.34
1987-04-10,292.49,430.9,2338.78
1987-04-16,286.91,419.5,2275.99
1987-04-24,281.52,412.6,2235.37
1987-05-01,288.03,418.4,2280.4
1987-05-08,293.37,423.2,2322.3
1987-05-15,287.43,418.9,2272.52
1987-05-22,282.16,407.4,2243.2
1987-05-29,290.1,416.5,2291.57
1987-06-05,293.45,417.8,2326.15
1987-06-12,301.62,425.4,2377.73
1987-06-19,306.97,429.1,2420.85
1987-06-26,307.16,426.7,2436.86
1987-07-02,305.63,425.9,2436.7
1987-07-10,308.37,426.0,2455.99
1987-07-17,314.59,434.1,2510.04
1987-07-24,309.27,429.1,2485.33
1987-07-31,318.66,434.9,2572.07
1987-08-07,323.0,443.6,2592.0
1987-08-14,333.99,451.6,2685.43
1987-08-21,335.9,455.2,2709.5
1987-08-28,327.04,453.3,2639.35
1987-09-04,316.7,,2561.38
1987-09-11,321.98,446.2,2608.74
1987-09-18,314.86,440.9,2524.64
1987-09-25,320.16,441.9,2570.17
1987-10-02,328.07,451.6,2640.99
1987-10-09,311.07,438.4,2482.21
1987-10-16,282.7,406.3,2246.73
1987-10-23,248.22,328.5,1950.76
1987-10-30,251.79,323.3,1993.53
1987-11-06,250.41,326.4,1959.05
1987-11-13,245.64,323.0,1935.01
1987-11-20,242.0,312.5,1913.63
1987-11-27,240.34,316.5,1910.48
1987-12-04,223.92,292.9,1766.74
1987-12-11,235.32,302.6,1867.04
1987-12-18,249.16,326.9,1975.3
1987-12-24,252.03,333.2,1999.67
1987-12-31,247.08,330.5,1938.83
1988-01-08,243.4,338.5,1911.31
1988-01-15,252.05,340.1,1956.07
1988-01-22,246.5,337.6,1903.51
1988-01-29,257.07,344.7,1958.22
1988-02-05,250.96,345.8,1910.48
1988-02-12,257.63,353.3,1983.26
1988-02-19,261.61,357.1,2014.59
1988-02-26,262.46,363.4,2023.21
1988-03-04,267.3,373.4,2057.86
1988-03-11,264.94,375.5,2034.98
1988-03-18,271.12,381.6,2087.37
1988-03-25,258.51,372.5,1978.95
1988-03-31,258.89,374.6,1988.06
1988-04-08,269.43,381.8,2090.19
1988-04-15,259.77,373.9,2013.93
1988-04-22,260.14,374.0,2015.09
1988-04-29,261.33,379.2,2032.33
1988-05-06,257.48,379.4,2007.46
1988-05-13,256.78,372.5,1990.55
1988-05-20,253.02,366.0,1952.59
1988-05-27,253.42,366.7,1956.44
1988-06-03,266.45,376.9,2071.31
1988-06-10,271.26,386.3,2101.71
1988-06-17,270.68,386.9,2104.02
1988-06-24,273.78,391.6,2142.96
1988-07-01,271.78,394.7,2131.58
1988-07-08,270.02,394.3,2106.15
1988-07-15,272.05,395.0,2129.45
1988-07-22,263.5,387.4,2060.99
1988-07-29,272.02,387.3,2128.73
1988-08-05,271.15,387.7,2119.13
1988-08-12,262.55,379.0,2037.52
1988-08-19,260.24,377.4,2016.0
1988-08-26,259.68,374.4,2017.43
1988-09-02,264.48,376.5,2054.59
1988-09-09,266.84,381.6,2068.81
1988-09-16,270.65,383.9,2098.15
1988-09-23,269.76,385.0,2090.68
1988-09-30,271.91,387.7,2112.91
1988-10-07,278.07,385.7,2150.25
1988-10-14,275.5,384.6,2133.18
1988-10-21,283.66,388.6,2183.5
1988-10-28,278.53,382.8,2149.89
1988-11-04,276.31,381.0,2145.8
1988-11-11,267.92,373.8,2067.03
1988-11-18,266.47,367.6,2062.41
1988-11-25,267.23,366.4,2074.68
1988-12-02,271.81,373.9,2092.28
1988-12-09,277.03,375.2,2143.49
1988-12-16,276.29,375.8,2150.71
1988-12-23,277.87,377.3,2168.93
1988-12-30,277.72,381.4,2168.57
1989-01-06,280.67,384.7,2194.29
1989-01-13,283.87,387.1,2226.07
1989-01-20,286.63,391.7,2235.36
1989-01-27,293.82,398.0,2322.86
1989-02-03,296.97,406.4,2331.25
1989-02-10,292.02,402.4,2286.07
1989-02-17,296.76,407.2,2324.82
1989-02-24,287.13,400.0,2245.54
1989-03-03,291.18,404.0,2274.29
1989-03-10,292.88,405.9,2282.14
1989-03-17,292.69,402.2,2292.14
1989-03-23,288.98,400.9,2243.04
1989-03-31,294.87,406.7,2293.62
1989-04-07,297.16,410.7,2304.8
1989-04-14,301.36,417.7,2337.06
1989-04-21,309.61,423.8,2409.46
1989-04-28,309.64,427.6,2418.8
1989-05-05,307.61,430.7,2381.96
1989-05-12,313.84,434.8,2439.7
1989-05-19,321.24,442.1,2501.1
1989-05-26,321.59,445.2,2493.77
1989-06-02,325.52,451.6,2517.83
1989-06-09,326.69,453.7,2513.42
1989-06-16,321.35,447.2,2486.38
1989-06-23,328.0,448.4,2531.87
1989-06-30,317.98,435.3,2440.06
1989-07-07,324.91,442.4,2487.86
1989-07-14,331.84,448.9,2554.82
1989-07-21,335.9,449.3,2607.36
1989-07-28,342.15,452.8,2635.24
1989-08-04,343.92,457.4,2653.45
1989-08-11,344.74,462.5,2683.99
1989-08-18,346.03,462.0,2687.97
1989-08-25,350.52,466.8,2732.36
1989-09-01,353.73,471.3,2752.09
1989-09-08,348.76,471.3,2709.54
1989-09-15,345.06,467.6,2674.58
1989-09-22,347.05,468.1,2681.61
1989-09-29,349.15,472.9,2692.82
1989-10-06,358.78,483.6,2785.52
1989-10-13,333.65,467.3,2569.26
1989-10-20,347.16,470.7,2689.14
1989-10-27,335.06,452.8,2596.72
1989-11-03,337.62,453.0,2629.51
1989-11-10,339.1,456.2,2625.61
1989-11-17,341.61,456.7,2652.66
1989-11-24,343.97,456.6,2675.55
1989-12-01,350.63,457.1,2747.65
1989-12-08,348.69,456.2,2731.44
1989-12-15,350.14,443.8,2739.55
1989-12-22,347.42,444.6,2711.39
1989-12-29,353.4,454.8,2753.2
1990-01-05,352.2,458.2,2773.25
1990-01-12,339.93,439.7,2689.21
1990-01-19,339.15,440.9,2677.9
1990-01-26,325.8,421.3,2559.23
1990-02-02,330.92,422.2,2602.7
1990-02-09,333.62,428.8,2648.2
1990-02-16,332.72,429.0,2635.59
1990-02-23,324.15,419.5,2564.19
1990-03-02,335.54,431.0,2660.36
1990-03-09,337.93,436.8,2683.33
1990-03-16,341.91,442.2,2741.22
1990-03-23,337.22,437.3,2704.28
1990-03-30,339.94,435.5,2707.21
1990-04-06,340.08,430.9,2717.12
1990-04-12,344.34,436.3,2751.8
1990-04-20,335.12,425.8,2695.95
1990-04-27,329.11,418.0,2645.05
1990-05-04,338.39,428.6,2710.36
1990-05-11,352.0,438.1,2801.58
1990-05-18,354.64,448.3,2819.91
1990-05-25,354.58,453.7,2820.92
1990-06-01,363.16,462.1,2900.97
1990-06-08,358.71,460.9,2862.38
1990-06-15,362.91,467.6,2935.89
1990-06-22,355.43,459.3,2857.18
1990-06-29,358.02,462.3,2880.69
1990-07-06,358.42,460.5,2904.95
1990-07-13,367.31,468.4,2980.2
1990-07-20,361.61,455.3,2961.14
1990-07-27,353.44,442.6,2898.51
1990-08-03,344.86,417.5,2809.65
1990-08-10,335.52,408.0,2716.58
1990-08-17,327.83,393.5,2644.8
1990-08-24,311.51,367.3,2532.92
1990-08-31,322.56,381.2,2614.36
1990-09-07,323.4,380.4,2619.55
1990-09-14,316.83,374.4,2564.11
1990-09-21,311.32,362.3,2512.38
1990-09-28,306.05,344.5,2452.48
1990-10-05,311.5,347.4,2510.64
1990-10-12,300.03,327.6,2398.02
1990-10-19,312.48,337.4,2520.79
1990-10-26,304.71,334.4,2436.14
1990-11-02,311.85,336.5,2490.84
1990-11-09,313.74,342.0,2488.61
1990-11-16,317.12,350.9,2550.25
1990-11-23,315.1,349.0,2527.23
1990-11-30,322.22,359.1,2559.65
1990-12-07,327.75,371.5,2590.1
1990-12-14,326.82,368.8,2593.81
1990-12-21,331.75,373.6,2633.66
1990-12-28,328.72,371.2,2629.21
1991-01-04,321.0,367.2,2566.09
1991-01-11,315.23,361.8,2501.49
1991-01-18,332.23,377.0,2646.78
1991-01-25,336.07,394.3,2659.41
1991-02-01,343.05,417.7,2730.69
1991-02-08,359.35,436.8,2830.69
1991-02-15,369.06,448.7,2934.65
1991-02-22,365.65,449.0,2889.36
1991-03-01,370.47,456.7,2909.9
1991-03-08,374.95,475.11,2955.2
1991-03-15,373.59,466.29,2948.27
1991-03-22,367.48,464.15,2858.91
1991-03-28,375.22,482.3,2913.86
1991-04-05,375.36,495.79,2896.78
1991-04-12,380.4,501.62,2920.79
1991-04-19,384.2,501.19,2965.59
1991-04-26,379.02,494.64,2912.38
1991-05-03,380.8,492.1,2938.86
1991-05-10,375.74,493.42,2920.17
1991-05-17,372.39,481.38,2886.63
1991-05-24,377.49,492.67,2913.91
1991-05-31,389.83,506.11,3027.5
1991-06-07,379.43,498.54,2976.74
1991-06-14,382.29,495.07,3000.45
1991-06-21,377.75,485.82,2965.56
1991-06-28,371.16,475.92,2906.75
1991-07-05,374.08,474.05,2932.47
1991-07-12,380.25,492.71,2980.77
1991-07-19,384.22,497.55,3016.32
1991-07-26,380.93,492.69,2972.5
1991-08-02,387.18,505.67,3006.26
1991-08-09,387.12,508.31,2996.2
1991-08-16,385.58,512.47,2968.02
1991-08-23,394.17,521.06,3040.25
1991-08-30,395.43,525.68,3043.6
1991-09-06,389.1,516.94,3011.63
1991-09-13,383.59,516.71,2985.69
1991-09-20,387.92,527.19,3019.23
1991-09-27,385.9,524.48,3006.04
1991-10-04,381.25,520.4,2961.76
1991-10-11,381.45,519.05,2983.68
1991-10-18,392.5,538.9,3077.15
1991-10-25,384.2,525.13,3004.92
1991-11-01,391.32,540.93,3056.35
1991-11-08,392.89,548.08,3045.62
1991-11-15,382.62,531.29,2943.2
1991-11-22,376.14,526.46,2902.73
1991-11-29,375.22,523.9,2894.68
1991-12-06,379.1,536.3,2886.4
1991-12-13,384.47,540.9,2914.36
1991-12-20,387.04,535.76,2934.48
1991-12-27,406.46,565.71,3101.52
1992-01-03,419.34,592.65,3201.48
1992-01-10,415.1,615.7,3199.46
1992-01-17,418.86,626.85,3264.98
1992-01-24,415.48,624.68,3232.78
1992-01-31,408.78,620.21,3223.39
1992-02-07,411.09,634.95,3225.4
1992-02-14,412.48,636.43,3245.97
1992-02-21,411.43,629.75,3280.19
1992-02-28,412.7,633.47,3267.67
1992-03-06,404.44,615.95,3221.6
1992-03-13,405.84,618.62,3235.91
1992-03-20,411.3,624.28,3276.39
1992-03-27,403.5,604.67,3231.44
1992-04-03,401.55,590.01,3249.11
1992-04-10,404.29,584.24,3255.37
1992-04-16,416.04,591.81,3366.5
1992-04-24,409.02,572.89,3324.46
1992-05-01,412.53,578.14,3336.09
1992-05-08,416.05,585.76,3369.41
1992-05-15,410.09,574.43,3353.09
1992-05-22,414.02,580.3,3386.77
1992-05-29,415.35,585.31,3396.88
1992-06-05,413.48,585.43,3398.69
1992-06-12,409.76,569.52,3354.36
1992-06-19,403.67,554.2,3285.35
1992-06-26,403.45,547.84,3282.41
1992-07-02,411.77,563.35,3330.29
1992-07-10,414.62,567.8,3330.56
1992-07-17,415.62,570.52,3331.64
1992-07-24,411.6,565.61,3285.71
1992-07-31,424.21,580.83,3393.78
1992-08-07,418.88,573.74,3332.18
1992-08-14,419.91,573.18,3328.94
1992-08-21,414.85,563.7,3254.09
1992-08-28,414.84,563.56,3267.61
1992-09-04,417.08,573.44,3281.93
1992-09-11,419.58,583.01,3305.7
1992-09-18,422.93,589.12,3327.05
1992-09-25,414.35,577.2,3250.32
1992-10-02,410.47,571.63,3200.61
1992-10-09,402.66,570.52,3136.58
1992-10-16,411.73,582.61,3174.41
1992-10-23,414.1,597.3,3207.64
1992-10-30,418.68,605.17,3226.28
1992-11-06,417.58,616.82,3240.06
1992-11-13,422.43,637.16,3233.03
1992-11-20,426.65,642.6,3227.36
1992-11-27,430.16,649.49,3282.2
1992-12-04,432.06,661.6,3288.68
1992-12-11,433.73,655.79,3304.08
1992-12-18,441.28,661.29,3313.27
1992-12-24,439.77,665.88,3326.24
1992-12-31,435.71,676.95,3301.11
1993-01-08,429.05,677.21,3251.67
1993-01-15,437.15,697.15,3271.12
1993-01-22,436.11,701.63,3256.81
1993-01-29,438.78,696.34,3310.03
1993-02-05,448.93,700.98,3442.14
1993-02-12,444.58,690.54,3392.43
1993-02-19,434.22,663.61,3322.18
1993-02-26,443.38,670.77,3370.81
1993-03-05,446.11,681.37,3404.58
1993-03-12,449.83,692.78,3427.82
1993-03-19,450.18,682.72,3471.58
1993-03-26,447.78,681.54,3439.98
1993-04-02,441.39,669.85,3370.81
1993-04-08,441.84,666.33,3396.48
1993-04-16,448.94,666.78,3478.61
1993-04-23,437.03,658.41,3413.77
1993-04-30,440.19,661.42,3427.55
1993-05-07,442.31,681.44,3437.19
1993-05-14,439.56,676.37,3443.01
1993-05-21,445.84,694.29,3492.83
1993-05-28,450.19,700.53,3527.43
1993-06-04,450.06,702.01,3545.14
1993-06-11,447.26,693.19,3505.01
1993-06-18,443.68,689.59,3494.77
1993-06-25,447.6,694.81,3490.89
1993-07-02,445.84,704.49,3483.97
1993-07-09,448.11,705.81,3521.06
1993-07-16,445.75,699.73,3528.29
1993-07-23,447.1,700.24,3546.74
1993-07-30,448.13,704.7,3539.47
1993-08-06,448.68,718.08,3560.43
1993-08-13,450.14,718.26,3569.65
1993-08-20,456.16,730.96,3615.48
1993-08-27,460.54,734.07,3640.63
1993-09-03,461.34,749.71,3633.93
1993-09-10,461.72,744.31,3621.63
1993-09-17,458.83,740.11,3613.25
1993-09-24,457.63,754.65,3543.11
1993-10-01,461.28,763.23,3581.11
1993-10-08,460.31,764.27,3584.74
1993-10-15,469.5,787.42,3629.73
1993-10-22,463.27,772.68,3649.3
1993-10-29,467.83,779.26,3680.59
1993-11-05,459.57,762.99,3643.43
1993-11-12,465.39,779.32,3684.51
1993-11-19,462.6,751.56,3694.01
1993-11-26,463.06,754.87,3683.95
1993-12-03,464.89,772.22,3704.07
1993-12-10,463.93,760.74,3740.67
1993-12-17,466.38,759.23,3751.57
1993-12-23,467.38,758.7,3757.72
1993-12-31,466.45,776.8,3754.09
1994-01-07,469.9,782.94,3820.77
1994-01-14,474.91,792.31,3867.2
1994-01-21,474.72,794.28,3914.48
1994-01-28,478.7,796.53,3945.43
1994-02-04,469.81,777.28,3871.42
1994-02-11,470.18,781.39,3894.78
1994-02-18,467.69,788.85,3887.46
1994-02-25,466.07,783.78,3838.78
1994-03-04,464.74,790.55,3832.3
1994-03-11,466.44,789.2,3862.7
1994-03-18,471.06,803.93,3895.65
1994-03-25,460.58,783.45,3774.73
1994-03-31,445.77,743.46,3635.96
1994-04-08,447.1,748.71,3674.26
1994-04-15,446.18,727.97,3661.47
1994-04-22,447.63,722.56,3648.68
1994-04-29,450.91,733.84,3681.69
1994-05-06,447.82,732.86,3669.5
1994-05-13,444.14,716.92,3659.68
1994-05-20,454.92,726.7,3766.35
1994-05-27,457.33,733.14,3757.14
1994-06-03,460.13,742.38,3772.22
1994-06-10,458.67,734.25,3773.45
1994-06-17,458.45,729.35,3776.78
1994-06-24,442.8,693.79,3636.94
1994-07-01,446.2,706.85,3646.65
1994-07-08,449.55,707.46,3709.14
1994-07-15,454.16,721.36,3753.81
1994-07-22,453.11,716.68,3735.04
1994-07-29,458.26,722.16,3764.5
1994-08-05,457.09,718.67,3747.02
1994-08-12,461.94,731.61,3768.71
1994-08-19,463.68,742.43,3755.11
1994-08-26,473.8,762.94,3881.05
1994-09-02,470.99,759.23,3885.58
1994-09-09,468.18,763.73,3874.81
1994-09-16,471.19,777.91,3933.35
1994-09-23,459.67,757.46,3831.75
1994-09-30,462.71,764.29,3843.19
1994-10-07,455.1,749.96,3797.43
1994-10-14,469.1,767.08,3910.47
1994-10-21,464.89,765.38,3891.3
1994-10-28,473.77,776.15,3930.66
1994-11-04,462.28,766.08,3807.52
1994-11-11,462.35,762.12,3801.47
1994-11-18,461.47,764.67,3815.26
1994-11-25,452.29,742.52,3708.27
1994-12-02,453.3,745.02,3745.62
1994-12-09,446.96,719.05,3691.11
1994-12-16,458.8,729.07,3807.19
1994-12-23,459.83,742.19,3833.43
1994-12-30,459.27,751.96,3834.44
1995-01-06,460.68,749.69,3867.41
1995-01-13,465.97,762.16,3908.46
1995-01-20,464.78,762.05,3869.43
1995-01-27,470.39,758.91,3857.99
1995-02-03,478.65,772.06,3928.64
1995-02-10,481.46,790.43,3939.07
1995-02-17,481.97,786.97,3953.54
1995-02-24,488.11,791.08,4011.74
1995-03-03,485.42,798.79,3989.61
1995-03-10,489.57,802.22,4035.61
1995-03-17,495.52,808.33,4073.65
1995-03-24,500.97,818.66,4138.67
1995-03-31,500.71,817.21,4157.69
1995-04-07,506.42,814.69,4192.62
1995-04-13,509.23,832.64,4208.18
1995-04-21,508.49,823.44,4270.09
1995-04-28,514.71,843.98,4321.27
1995-05-05,520.12,843.53,4343.4
1995-05-12,525.55,858.94,4430.56
1995-05-19,519.19,864.57,4341.33
1995-05-26,523.65,871.87,4369.0
1995-06-02,532.51,872.97,4444.39
1995-06-09,527.94,884.38,4423.99
1995-06-16,539.83,908.65,4510.79
1995-06-23,549.71,938.87,4585.84
1995-06-30,544.75,933.45,4556.1
1995-07-07,556.37,969.76,4702.73
1995-07-14,559.89,999.33,4708.82
1995-07-21,553.62,961.77,4641.55
1995-07-28,562.93,1005.28,4715.51
1995-08-04,558.94,991.09,4683.46
1995-08-11,555.11,1004.11,4618.3
1995-08-18,559.21,1031.28,4617.6
1995-08-25,560.1,1019.97,4601.4
1995-09-01,563.84,1019.47,4647.54
1995-09-08,572.68,1060.03,4700.72
1995-09-15,583.35,1051.1,4797.57
1995-09-22,581.73,1053.39,4764.15
1995-09-29,584.41,1043.54,4789.08
1995-10-06,582.49,1012.04,4769.21
1995-10-13,584.5,1018.38,4793.78
1995-10-20,587.46,1039.53,4794.86
1995-10-27,579.7,1025.55,4741.75
1995-11-03,590.57,1065.66,4825.57
1995-11-10,592.72,1063.87,4870.37
1995-11-17,600.07,1045.03,4989.95
1995-11-24,599.97,1030.17,5048.84
1995-12-01,606.98,1055.31,5087.13
1995-12-08,617.48,1062.41,5156.86
1995-12-15,616.34,1030.48,5176.73
1995-12-22,611.95,1046.89,5097.97
1995-12-29,615.93,1052.13,5117.12
1996-01-05,616.71,1033.47,5181.43
1996-01-12,601.81,1008.23,5061.12
1996-01-19,611.83,1018.45,5184.68
1996-01-26,621.62,1040.96,5271.75
1996-02-02,635.84,1072.11,5373.99
1996-02-09,656.37,1094.6,5541.62
1996-02-16,647.98,1090.71,5503.32
1996-02-23,659.08,1117.79,5630.49
1996-03-01,644.37,1086.08,5536.56
1996-03-08,633.5,1063.73,5470.45
1996-03-15,641.43,1099.59,5584.97
1996-03-22,650.62,1102.22,5636.64
1996-03-29,645.5,1101.4,5587.14
1996-04-04,655.86,1118.21,5682.88
1996-04-12,636.71,1100.94,5532.59
1996-04-19,645.07,1138.7,5535.48
1996-04-26,653.46,1186.89,5567.99
1996-05-03,641.63,1184.6,5478.03
1996-05-10,652.09,1202.76,5518.14
1996-05-17,668.91,1241.88,5687.5
1996-05-24,678.51,1247.8,5762.86
1996-05-31,669.12,1243.43,5643.18
1996-06-07,673.31,1229.76,5697.11
1996-06-14,665.85,1213.18,5649.45
1996-06-21,666.84,1175.44,5705.23
1996-06-28,670.63,1185.02,5654.63
1996-07-05,657.44,1158.35,5588.14
1996-07-12,646.19,1103.49,5510.56
1996-07-19,638.73,1097.68,5426.82
1996-07-26,635.9,1079.44,5473.06
1996-08-02,662.49,1124.92,5679.83
1996-08-09,662.1,1137.27,5681.31
1996-08-16,665.21,1133.65,5689.45
1996-08-23,667.03,1143.05,5722.74
1996-08-30,651.99,1141.5,5616.21
1996-09-06,655.68,1139.39,5659.86
1996-09-13,680.54,1188.67,5838.52
1996-09-20,687.03,1219.69,5888.46
1996-09-27,686.19,1230.05,5872.92
1996-10-04,701.46,1247.56,5992.86
1996-10-11,700.66,1248.27,5969.38
1996-10-18,710.82,1242.48,6094.23
1996-10-25,700.92,1222.6,6007.02
1996-11-01,703.77,1221.78,6021.93
1996-11-08,730.82,1257.51,6219.82
1996-11-15,737.62,1261.8,6348.03
1996-11-22,748.73,1274.36,6471.76
1996-11-29,757.02,1292.61,6521.7
1996-12-06,739.6,1287.68,6381.94
1996-12-13,728.64,1284.91,6304.87
1996-12-20,748.87,1288.56,6484.4
1996-12-27,756.79,1291.38,6560.91
1997-01-03,748.03,1310.68,6544.09
1997-01-10,759.5,1332.02,6703.79
1997-01-17,776.17,1349.05,6833.1
1997-01-24,770.52,1363.83,6696.48
1997-01-31,786.16,1379.85,6813.09
1997-02-07,789.56,1357.71,6855.8
1997-02-14,808.48,1367.19,6988.96
1997-02-21,801.77,1334.32,6931.62
1997-02-28,790.82,1309.0,6877.74
1997-03-07,804.97,1311.8,7000.89
1997-03-14,793.17,1292.97,6935.46
1997-03-21,784.1,1254.07,6804.79
1997-03-27,773.88,1249.51,6740.59
1997-04-04,757.9,1236.73,6526.07
1997-04-11,737.65,1206.9,6391.69
1997-04-18,766.34,1222.57,6703.55
1997-04-25,765.37,1209.29,6738.87
1997-05-02,812.97,1305.33,7071.2
1997-05-09,824.78,1335.05,7169.53
1997-05-16,829.75,1340.73,7194.67
1997-05-23,847.03,1389.72,7345.91
1997-05-30,848.28,1400.32,7331.04
1997-06-06,858.01,1404.84,7435.78
1997-06-13,893.27,1423.03,7782.04
1997-06-20,898.7,1447.1,7796.51
1997-06-27,887.3,1438.15,7687.72
1997-07-03,916.92,1467.61,7895.81
1997-07-11,916.68,1502.62,7921.82
1997-07-18,915.3,1547.99,7890.46
1997-07-25,938.79,1569.58,8113.44
1997-08-01,947.14,1594.33,8194.04
1997-08-08,933.54,1598.52,8031.22
1997-08-15,900.81,1562.03,7694.66
1997-08-22,923.54,1598.69,7887.91
1997-08-29,899.47,1587.32,7622.42
1997-09-05,929.05,1635.77,7822.41
1997-09-12,923.91,1649.33,7742.97
1997-09-19,950.51,1680.36,7917.27
1997-09-26,945.22,1682.24,7922.18
1997-10-03,965.03,1715.87,8038.58
1997-10-10,966.98,1739.03,8045.21
1997-10-17,944.16,1666.85,7847.03
1997-10-24,941.64,1650.92,7715.41
1997-10-31,914.62,1593.61,7442.08
1997-11-07,927.51,1602.4,7581.32
1997-11-14,928.35,1583.51,7572.48
1997-11-21,963.09,1620.75,7881.07
1997-11-28,955.4,1600.55,7823.13
1997-12-05,983.79,1633.9,8149.13
1997-12-12,953.39,1536.58,7838.3
1997-12-19,946.78,1524.74,7756.29
1997-12-26,936.46,1511.38,7679.31
1998-01-02,975.04,1581.53,7965.04
1998-01-09,927.69,1503.22,7580.42
1998-01-16,961.51,1562.88,7753.55
1998-01-23,957.59,1575.93,7700.74
1998-01-30,980.28,1619.36,7906.5
1998-02-06,1012.46,1694.35,8189.49
1998-02-13,1020.09,1710.42,8370.1
1998-02-20,1034.21,1728.13,8413.94
1998-02-27,1049.34,1770.51,8545.72
1998-03-06,1055.69,1753.49,8569.39
1998-03-13,1068.61,1771.66,8602.52
1998-03-20,1099.16,1789.16,8906.43
1998-03-27,1095.44,1823.62,8796.08
1998-04-03,1122.7,1855.4,8983.41
1998-04-09,1110.67,1820.24,8994.86
1998-04-17,1122.72,1866.6,9167.5
1998-04-24,1107.9,1868.96,9064.62
1998-05-01,1121.0,1873.44,9147.07
1998-05-08,1108.14,1864.37,9055.15
1998-05-15,1108.73,1846.77,9096.0
1998-05-22,1110.47,1805.0,9114.44
1998-05-29,1090.82,1778.87,8899.95
1998-06-05,1113.86,1782.92,9037.71
1998-06-12,1098.84,1745.05,8834.94
1998-06-19,1100.65,1781.29,8712.87
1998-06-26,1133.2,1869.53,8944.54
1998-07-02,1146.42,1894.0,9025.26
1998-07-10,1164.33,1943.04,9105.74
1998-07-17,1186.75,2008.76,9337.97
1998-07-24,1140.8,1930.99,8937.36
1998-07-31,1120.67,1872.39,8883.29
1998-08-07,1089.45,1846.77,8598.02
1998-08-14,1062.75,1790.19,8425.0
1998-08-21,1081.24,1797.61,8533.65
1998-08-28,1027.14,1639.68,8051.68
1998-09-04,973.89,1566.52,7640.25
1998-09-11,1009.06,1641.64,7795.5
1998-09-18,1020.09,1663.77,7895.66
1998-09-25,1044.75,1743.59,8028.77
1998-10-02,1002.6,1614.98,7784.69
1998-10-09,984.39,1492.49,7899.52
1998-10-16,1056.42,1620.95,8416.76
1998-10-23,1070.67,1693.86,8452.29
1998-10-30,1098.67,1771.39,8592.1
1998-11-06,1141.01,1856.56,8975.46
1998-11-13,1125.72,1847.99,8919.59
1998-11-20,1163.55,1928.21,9159.55
1998-11-27,1192.33,2016.44,9333.08
1998-12-04,1176.74,2003.16,9016.14
1998-12-11,1166.46,2029.31,8821.76
1998-12-18,1188.03,2086.14,8903.63
1998-12-24,1226.27,2163.04,9217.99
1998-12-31,1229.23,2192.69,9181.43
1999-01-08,1275.09,2344.41,9643.32
1999-01-15,1243.26,2348.2,9340.55
1999-01-22,1225.19,2338.88,9120.67
1999-01-29,1279.64,2505.89,9358.83
1999-02-05,1239.4,2373.62,9304.24
1999-02-12,1230.13,2321.89,9274.89
1999-02-19,1239.22,2283.6,9339.95
1999-02-26,1238.33,2288.03,9306.58
1999-03-05,1275.47,2337.11,9736.08
1999-03-12,1294.59,2381.53,9876.35
1999-03-19,1299.29,2421.27,9903.55
1999-03-26,1282.8,2419.17,9822.24
1999-04-01,1293.72,2493.37,9832.51
1999-04-09,1348.35,2593.05,10173.84
1999-04-16,1319.0,2484.04,10493.89
1999-04-23,1356.85,2590.69,10689.67
1999-04-30,1335.18,2542.85,10789.04
1999-05-07,1345.0,2503.62,11031.59
1999-05-14,1337.8,2527.86,10913.32
1999-05-21,1330.29,2520.14,10829.28
1999-05-28,1301.84,2470.52,10559.74
1999-06-04,1327.75,2478.34,10799.84
1999-06-11,1293.64,2447.88,10490.51
1999-06-18,1342.84,2563.44,10855.56
1999-06-25,1315.31,2552.65,10552.56
1999-07-02,1391.22,2741.02,11139.24
1999-07-09,1403.28,2793.07,11193.7
1999-07-16,1418.78,2864.48,11209.84
1999-07-23,1356.94,2692.4,10910.96
1999-07-30,1328.72,2638.49,10655.15
1999-08-06,1300.29,2547.97,10714.03
1999-08-13,1327.68,2637.81,10973.65
1999-08-20,1336.61,2648.33,11100.61
1999-08-27,1348.27,2758.9,11090.17
1999-09-03,1357.24,2843.11,11078.45
1999-09-10,1351.66,2887.06,11028.43
1999-09-17,1335.42,2869.62,10803.63
1999-09-24,1277.36,,
1999-10-01,1282.81,2736.85,10273.0
1999-10-08,1336.02,2886.57,10649.76
1999-10-15,1247.41,2731.83,10019.71
1999-10-22,1301.65,2816.52,10470.25
1999-10-29,1362.93,2966.43,10729.86
1999-11-05,1370.23,3102.29,10704.48
1999-11-12,1396.04,3191.08,10769.32
1999-11-19,1422.0,3369.25,11003.89
1999-11-26,1416.62,3447.81,10988.91
1999-12-03,1433.3,3520.63,11286.18
1999-12-10,1417.04,3620.24,11224.7
1999-12-17,1421.05,3753.06,11257.43
1999-12-23,1458.34,3969.44,11405.76
1999-12-31,1469.25,4069.31,11497.12
2000-01-07,1441.47,3882.62,11522.56
2000-01-14,1465.15,4064.27,11722.98
2000-01-21,1441.36,4235.4,11251.71
2000-01-28,1360.16,3887.07,10738.87
2000-02-04,1424.37,4244.14,10963.8
2000-02-11,1387.12,4395.45,10425.21
2000-02-18,1346.09,4411.74,10219.52
2000-02-25,1333.36,4590.5,9862.12
2000-03-03,1409.17,4914.79,10367.2
2000-03-10,1395.07,5048.62,9928.82
2000-03-17,1464.47,4798.13,10595.23
2000-03-24,1527.46,4963.03,11112.72
2000-03-31,1498.58,4572.83,10921.92
2000-04-07,1516.35,4446.45,11111.48
2000-04-14,1357.31,3321.29,10305.77
2000-04-20,1434.54,3643.88,10844.05
2000-04-28,1452.43,3860.66,10733.91
2000-05-05,1432.63,3816.82,10577.86
2000-05-12,1420.96,3529.06,10609.37
2000-05-19,1406.95,3390.4,10626.85
2000-05-26,1378.02,3205.11,10299.24
2000-06-02,1477.26,3813.38,10794.76
2000-06-09,1456.95,3874.84,10614.06
2000-06-16,1464.46,3860.56,10449.3
2000-06-23,1441.48,3845.34,10404.75
2000-06-30,1454.6,3966.11,10447.89
2000-07-07,1478.9,4023.2,10635.98
2000-07-14,1509.98,4246.18,10812.75
2000-07-21,1480.19,4094.45,10733.56
2000-07-28,1419.89,3663.0,10511.17
2000-08-04,1462.93,3787.36,10767.75
2000-08-11,1471.84,3789.47,11027.8
2000-08-18,1491.72,3930.34,11046.48
2000-08-25,1506.46,4042.68,11192.63
2000-09-01,1520.77,4234.33,11238.78
2000-09-08,1494.5,3978.41,11220.65
2000-09-15,1465.81,3835.23,10927.0
2000-09-22,1448.72,3803.76,10847.37
2000-09-29,1436.51,3672.82,10650.92
2000-10-06,1408.99,3361.01,10596.54
2000-10-13,1374.17,3316.77,10192.18
2000-10-20,1396.93,3483.14,10226.59
2000-10-27,1379.58,3278.36,10590.62
2000-11-03,1426.69,3451.58,10817.95
2000-11-10,1365.98,3028.99,10602.95
2000-11-17,1367.72,3027.19,10629.87
2000-11-24,1341.77,2904.38,10470.23
2000-12-01,1315.23,2645.29,10373.54
2000-12-08,1369.89,2917.43,10712.91
2000-12-15,1312.15,2653.27,10434.96
2000-12-22,1305.95,2517.02,10635.56
2000-12-29,1320.28,2470.52,10786.85
2001-01-05,1298.35,2407.65,10662.01
2001-01-12,1318.55,2626.5,10525.38
2001-01-19,1342.55,2770.38,10587.59
2001-01-26,1354.95,2781.3,10659.98
2001-02-02,1349.47,2660.5,10864.1
2001-02-09,1314.76,2470.97,10781.45
2001-02-16,1301.53,2425.38,10799.82
2001-02-23,1245.86,2262.51,10441.9
2001-03-02,1234.18,2117.63,10466.31
2001-03-09,1233.42,2052.78,10644.62
2001-03-16,1150.53,1890.91,9823.41
2001-03-23,1139.83,1928.68,9504.78
2001-03-30,1160.33,1840.26,9878.78
2001-04-06,1128.43,1720.36,9791.09
2001-04-12,1183.5,1961.43,10126.94
2001-04-20,1242.98,2163.41,10579.85
2001-04-27,1253.05,2075.68,10810.05
2001-05-04,1266.61,2191.53,10951.24
2001-05-11,1245.67,2107.43,10821.31
2001-05-18,1291.96,2198.83,11301.74
2001-05-25,1277.89,2251.03,11005.37
2001-06-01,1260.67,2149.44,10990.41
2001-06-08,1264.96,2215.1,10977.0
2001-06-15,1214.36,2028.43,10623.64
2001-06-22,1225.35,2034.84,10604.59
2001-06-29,1224.38,2160.54,10502.4
2001-07-06,1190.59,2004.16,10252.68
2001-07-13,1215.68,2084.79,10539.06
2001-07-20,1210.85,2029.37,10576.65
2001-07-27,1205.82,2029.07,10416.67
2001-08-03,1214.35,2066.33,10512.78
2001-08-10,1190.16,1956.47,10416.25
2001-08-17,1161.97,1867.01,10240.78
2001-08-24,1184.93,1916.8,10423.17
2001-08-31,1133.58,1805.43,9949.75
2001-09-07,1085.78,1687.7,9605.85
2001-09-11,1092.54,1695.37,
2001-09-21,965.8,1423.19,8235.81
2001-09-28,1040.94,1498.8,8847.56
2001-10-05,1071.38,1605.3,9119.77
2001-10-12,1091.65,1703.4,9344.16
2001-10-19,1073.48,1671.31,9204.11
2001-10-26,1104.61,1768.96,9545.17
2001-11-02,1087.2,1745.73,9323.54
2001-11-09,1120.31,1828.48,9608.0
2001-11-16,1138.65,1898.58,9866.99
2001-11-23,1150.34,1903.2,9959.71
2001-11-30,1139.45,1930.58,9851.56
2001-12-07,1158.31,2021.26,10049.46
2001-12-14,1123.07,1953.17,9811.15
2001-12-21,1144.89,1945.83,10035.34
2001-12-28,1161.02,1987.26,10136.99
2002-01-04,1172.51,2059.38,10259.74
2002-01-11,1145.6,2022.46,9987.53
2002-01-18,1127.58,1930.34,9771.85
2002-01-25,1133.28,1937.7,9840.08
2002-02-01,1122.2,1911.24,9907.26
2002-02-08,1096.22,1818.88,9744.24
2002-02-15,1104.18,1805.2,9903.04
2002-02-22,1089.84,1724.54,9968.15
2002-03-01,1131.78,1802.74,10368.86
2002-03-08,1164.31,1929.67,10572.49
2002-03-15,1166.16,1868.3,10607.23
2002-03-22,1148.7,1851.39,10427.67
2002-03-28,1147.39,1845.35,10403.94
2002-04-05,1122.73,1770.03,10271.64
2002-04-12,1111.01,1756.19,10190.82
2002-04-19,1125.17,1796.83,10257.11
2002-04-26,1076.32,1663.89,9910.72
2002-05-03,1073.43,1613.03,10006.63
2002-05-10,1054.99,1600.85,9939.92
2002-05-17,1106.59,1741.39,10353.08
2002-05-24,1083.82,1661.49,10104.26
2002-05-31,1067.14,1615.73,9925.25
2002-06-07,1027.53,1535.48,9589.67
2002-06-14,1007.27,1504.74,9474.21
2002-06-21,989.14,1440.96,9253.79
2002-06-28,989.82,1463.21,9243.26
2002-07-05,989.03,1448.36,9379.5
2002-07-12,921.39,1373.5,8684.53
2002-07-19,847.75,1319.15,8019.26
2002-07-26,852.84,1262.12,8264.39
2002-08-02,864.24,1247.92,8313.13
2002-08-09,908.64,1306.12,8745.45
2002-08-16,928.77,1361.01,8778.06
2002-08-23,940.86,1380.62,8872.96
2002-08-30,916.07,1314.85,8663.5
2002-09-06,893.92,1295.3,8427.2
2002-09-13,889.81,1291.4,8312.69
2002-09-20,845.39,1221.09,7986.02
2002-09-27,827.37,1199.16,7701.45
2002-10-04,800.58,1139.9,7528.4
2002-10-11,835.32,1210.47,7850.29
2002-10-18,884.39,1287.86,8322.4
2002-10-25,897.65,1331.13,8443.99
2002-11-01,900.96,1360.7,8517.64
2002-11-08,894.74,1359.28,8537.13
2002-11-15,909.83,1411.14,8579.09
2002-11-22,930.55,1468.74,8804.84
2002-11-29,936.31,1478.78,8896.09
2002-12-06,912.23,1422.44,8645.77
2002-12-13,890.99,1362.42,8433.71
2002-12-20,892.1,1363.05,8511.32
2002-12-27,874.73,1348.31,8303.78
2003-01-03,908.59,1387.08,8601.69
2003-01-10,927.57,1447.72,8784.95
2003-01-17,901.78,1376.19,8586.74
2003-01-24,861.4,1342.14,8131.01
2003-01-31,855.7,1320.91,8053.81
2003-02-07,829.69,1282.47,7864.23
2003-02-14,834.89,1310.17,7908.8
2003-02-21,848.17,1349.02,8018.11
2003-02-28,841.15,1337.52,7891.08
2003-03-07,828.89,1305.29,7740.03
2003-03-14,833.27,1340.33,7859.71
2003-03-21,895.89,1421.84,8521.97
2003-03-28,863.5,1369.6,8145.77
2003-04-04,878.85,1383.51,8277.15
2003-04-11,868.3,1358.85,8203.41
2003-04-17,893.58,1425.5,8337.65
2003-04-25,898.81,1434.54,8306.35
2003-05-02,930.08,1502.88,8582.68
2003-05-09,933.41,1520.15,8604.6
2003-05-16,944.3,1538.53,8678.97
2003-05-23,933.22,1510.09,8601.38
2003-05-30,963.59,1595.91,8850.26
2003-06-06,987.76,1627.42,9062.79
2003-06-13,988.61,1626.49,9117.12
2003-06-19,994.7,,
2003-06-27,976.22,1625.26,8989.05
2003-07-03,985.7,1663.46,9070.21
2003-07-11,998.14,1733.93,9119.59
2003-07-18,993.32,1708.5,9188.15
2003-07-25,998.68,1730.7,9284.57
2003-08-01,980.15,1715.62,9153.97
2003-08-08,977.59,1644.03,9191.09
2003-08-15,990.67,1702.01,9321.69
2003-08-22,993.06,1765.32,9348.87
2003-08-29,1008.01,1810.45,9415.82
2003-09-05,1021.39,1858.24,9503.34
2003-09-12,1018.63,1855.03,9471.55
2003-09-19,1036.3,1905.7,9644.82
2003-09-26,996.85,1792.07,9313.08
2003-10-03,1029.85,1880.57,9572.31
2003-10-10,1038.06,1915.31,9674.68
2003-10-17,1039.32,1912.36,9721.79
2003-10-24,1028.91,1865.59,9582.46
2003-10-31,1050.71,1932.21,9801.12
2003-11-07,1053.21,1970.74,9809.79
2003-11-14,1050.35,1930.26,9768.68
2003-11-21,1035.28,1893.88,9628.53
2003-11-28,1058.2,1960.26,9782.46
2003-12-05,1061.5,1937.82,9862.68
2003-12-12,1074.14,1949.0,10042.16
2003-12-19,1088.66,1951.02,10278.22
2003-12-26,1095.89,1973.14,10324.67
2004-01-02,1108.48,2006.68,10409.85
2004-01-09,1121.86,2086.92,10458.89
2004-01-16,1139.83,2140.46,10600.51
2004-01-23,1141.55,2123.87,10568.29
2004-01-30,1131.13,2066.15,10488.07
2004-02-06,1142.76,2064.01,10593.03
2004-02-13,1145.81,2053.56,10627.85
2004-02-20,1144.11,2037.93,10619.03
2004-02-27,1144.94,2029.82,10583.92
2004-03-05,1156.86,2047.63,10595.55
2004-03-12,1120.57,1984.73,10240.08
2004-03-19,1109.78,1940.47,10186.6
2004-03-26,1108.06,1960.02,10212.97
2004-04-02,1141.81,2057.17,10470.59
2004-04-08,1139.32,2052.88,
2004-04-16,1134.61,1995.74,10451.97
2004-04-23,1140.6,2049.77,10472.84
2004-04-30,1107.3,1920.15,10225.57
2004-05-07,1098.7,1917.96,10117.34
2004-05-14,1095.7,1904.25,10012.87
2004-05-21,1093.56,1912.09,9966.74
2004-05-28,1120.68,1986.74,10188.45
2004-06-04,1122.5,1978.62,10242.82
2004-06-10,1136.47,1999.87,10410.1
2004-06-18,1135.21,1986.73,10416.41
2004-06-25,1134.43,2025.47,10371.84
2004-07-02,1125.38,2006.66,10282.83
2004-07-09,1112.81,1946.33,10213.22
2004-07-16,1101.39,1883.15,10139.78
2004-07-23,1086.2,1849.09,9962.22
2004-07-30,1101.72,1887.36,10139.71
2004-08-06,1063.97,1776.89,9815.33
2004-08-13,1064.8,1757.22,9825.35
2004-08-20,1098.35,1838.02,10110.14
2004-08-27,1107.77,1862.09,10195.01
2004-09-03,1113.63,1844.48,10260.2
2004-09-10,1123.92,1894.31,10313.07
2004-09-17,1128.55,1910.09,10284.46
2004-09-24,1110.11,1879.48,10047.24
2004-10-01,1131.5,1942.2,10192.65
2004-10-08,1122.14,1919.97,10055.2
2004-10-15,1108.2,1911.5,9933.38
2004-10-22,1095.74,1915.14,9757.81
2004-10-29,1130.2,1974.99,10027.47
2004-11-05,1166.17,2038.94,10387.54
2004-11-12,1184.17,2085.34,10539.01
2004-11-19,1170.34,2070.63,10456.91
2004-11-26,1182.65,2101.97,10522.23
2004-12-03,1191.17,2147.96,10592.21
2004-12-10,1188.0,2128.07,10543.22
2004-12-17,1194.2,2135.2,10649.92
2004-12-23,1210.13,2160.62,10827.12
2004-12-31,1211.92,2175.44,10783.01
2005-01-07,1186.19,2088.61,10603.96
2005-01-14,1184.52,2087.91,10558.0
2005-01-21,1167.87,2034.27,10392.99
2005-01-28,1171.36,2035.83,10427.2
2005-02-04,1203.03,2086.66,10716.13
2005-02-11,1205.3,2076.66,10796.01
2005-02-18,1201.59,2058.62,10785.22
2005-02-25,1211.37,2065.4,10841.6
2005-03-04,1222.12,2070.61,10940.55
2005-03-11,1200.08,2041.6,10774.36
2005-03-18,1189.65,2007.79,10629.67
2005-03-24,1171.42,1991.06,10442.87
2005-04-01,1172.92,1984.81,10404.3
2005-04-08,1181.2,1999.35,10461.34
2005-04-15,1142.62,1908.15,10087.51
2005-04-22,1152.12,1932.19,10157.71
2005-04-29,1156.85,1921.65,10192.51
2005-05-06,1171.35,1967.35,10345.4
2005-05-13,1154.05,1976.78,10140.12
2005-05-20,1189.28,2046.42,10471.91
2005-05-27,1198.78,2075.73,10542.55
2005-06-03,1196.02,2071.43,10460.97
2005-06-10,1198.11,2063.0,10512.63
2005-06-17,1216.96,2090.11,10623.07
2005-06-24,1191.57,2053.27,10297.84
2005-07-01,1194.44,2057.37,10303.44
2005-07-08,1211.86,2112.88,10449.14
2005-07-15,1227.92,2156.78,10640.83
2005-07-22,1233.68,2179.74,10651.18
2005-07-29,1234.18,2184.83,10640.91
2005-08-05,1226.42,2177.91,10558.03
2005-08-12,1230.39,2156.9,10600.31
2005-08-19,1219.71,2135.56,10559.23
2005-08-26,1205.1,2120.77,10397.29
2005-09-02,1218.02,2141.07,10447.37
2005-09-09,1241.48,2175.51,10678.56
2005-09-16,1237.91,2160.35,10641.94
2005-09-23,1215.29,2116.84,10419.59
2005-09-30,1228.81,2151.69,10568.7
2005-10-07,1195.9,2090.35,10292.31
2005-10-14,1186.57,2064.83,10287.34
2005-10-21,1179.59,2082.21,10215.22
2005-10-28,1198.41,2089.88,10402.77
2005-11-04,1220.14,2169.43,10530.76
2005-11-11,1234.72,2202.47,10686.04
2005-11-18,1248.27,2227.07,10766.33
2005-11-25,1268.25,2263.01,10931.62
2005-12-02,1265.08,2273.37,10877.51
2005-12-09,1259.36,2256.73,10778.58
2005-12-16,1267.32,2252.48,10875.59
2005-12-23,1268.66,2249.42,10883.27
2005-12-30,1248.29,2205.32,10717.5
2006-01-06,1285.45,2305.62,10959.31
2006-01-13,1287.61,2317.04,10959.87
2006-01-20,1261.49,2247.7,10667.39
2006-01-27,1283.72,2304.23,10907.21
2006-02-03,1264.03,2262.58,10793.62
2006-02-10,1266.99,2261.88,10919.05
2006-02-17,1287.24,2282.36,11115.32
2006-02-24,1289.43,2287.04,11061.85
2006-03-03,1287.23,2302.6,11021.59
2006-03-10,1281.58,2262.04,11076.34
2006-03-17,1307.25,2306.48,11279.65
2006-03-24,1302.95,2312.82,11279.97
2006-03-31,1294.83,2339.79,11109.32
2006-04-07,1295.5,2339.02,11120.04
2006-04-13,1289.12,2326.11,11137.65
2006-04-21,1311.28,2342.86,11347.45
2006-04-28,1310.61,2322.57,11367.14
2006-05-05,1325.76,2342.57,11577.74
2006-05-12,1291.24,2243.78,11380.99
2006-05-19,1267.03,2193.88,11144.06
2006-05-26,1280.16,2210.37,11278.61
2006-06-02,1288.22,2219.41,11247.87
2006-06-09,1252.3,2135.06,10891.92
2006-06-16,1251.54,2129.95,11014.55
2006-06-23,1244.5,2121.47,10989.09
2006-06-30,1270.2,2172.09,11150.22
2006-07-07,1265.48,2130.06,11090.67
2006-07-14,1236.2,2037.35,10739.35
2006-07-21,1240.29,2020.39,10868.38
2006-07-28,1278.55,2094.14,11219.7
2006-08-04,1279.36,2085.05,11240.35
2006-08-11,1266.74,2057.71,11088.03
2006-08-18,1302.3,2163.95,11381.47
2006-08-25,1295.09,2140.29,11284.05
2006-09-01,1311.01,2193.16,11464.15
2006-09-08,1298.92,2165.79,11392.11
2006-09-15,1319.87,2235.59,11560.77
2006-09-22,1314.78,2218.93,11508.1
2006-09-29,1335.85,2258.43,11679.07
2006-10-06,1349.58,2299.99,11850.21
2006-10-13,1365.62,2357.29,11960.51
2006-10-20,1368.6,2342.3,12002.37
2006-10-27,1377.34,2350.62,12090.26
2006-11-03,1364.3,2330.79,11986.04
2006-11-10,1380.9,2389.72,12108.43
2006-11-17,1401.2,2445.86,12342.56
2006-11-24,1400.95,2460.26,12280.17
2006-12-01,1396.71,2413.21,12194.13
2006-12-08,1409.84,2437.36,12307.49
2006-12-15,1427.09,2457.2,12445.52
2006-12-22,1410.76,2401.18,12343.22
2006-12-29,1418.3,2415.29,12463.15
2007-01-05,1409.71,2434.25,12398.01
2007-01-12,1430.73,2502.82,12556.08
2007-01-19,1430.5,2451.31,12565.53
2007-01-26,1422.18,2435.49,12487.02
2007-02-02,1448.39,2475.88,12653.49
2007-02-09,1438.06,2459.82,12580.83
2007-02-16,1455.54,2496.31,12767.57
2007-02-23,1451.19,2515.1,12647.48
2007-03-02,1387.17,2368.0,12114.1
2007-03-09,1402.85,2387.55,12276.32
2007-03-16,1386.95,2372.66,12110.41
2007-03-23,1436.11,2448.93,12481.01
2007-03-30,1420.86,2421.64,12354.35
2007-04-05,1443.76,2471.34,12560.2
2007-04-13,1452.85,2491.94,12612.13
2007-04-20,1484.35,2526.39,12961.98
2007-04-27,1494.07,2557.21,13120.94
2007-05-04,1505.62,2572.15,13264.62
2007-05-11,1505.85,2562.22,13326.22
2007-05-18,1522.75,2558.45,13556.53
2007-05-25,1515.73,2557.19,13507.28
2007-06-01,1536.34,2613.92,13668.11
2007-06-08,1507.67,2573.54,13424.39
2007-06-15,1532.91,2626.71,13639.48
2007-06-22,1502.56,2588.96,13360.26
2007-06-29,1503.35,2603.23,13408.62
2007-07-06,1525.88,2666.51,13611.68
2007-07-13,1552.5,2707.0,13907.25
2007-07-20,1534.1,2687.6,13851.08
2007-07-27,1458.95,2562.24,13265.47
2007-08-03,1433.06,2511.25,13181.91
2007-08-10,1453.64,2544.89,13239.54
2007-08-17,1445.94,2505.03,13079.08
2007-08-24,1479.37,2576.69,13378.87
2007-08-31,1473.99,2596.36,13357.74
2007-09-07,1453.55,2565.7,13113.38
2007-09-14,1484.25,2602.18,13442.52
2007-09-21,1525.75,2671.22,13820.19
2007-09-28,1526.75,2701.5,13895.63
2007-10-05,1557.59,2780.32,14066.01
2007-10-12,1561.8,2805.68,14093.08
2007-10-19,1500.63,2725.16,13522.02
2007-10-26,1535.28,2804.19,13806.7
2007-11-02,1509.65,2810.38,13595.1
2007-11-09,1453.7,2627.94,13042.74
2007-11-16,1458.74,2637.24,13176.79
2007-11-23,1440.7,2596.6,12980.88
2007-11-30,1481.14,2660.96,13371.72
2007-12-07,1504.66,2706.16,13625.58
2007-12-14,1467.95,2635.74,13339.85
2007-12-21,1484.46,2691.99,13450.65
2007-12-28,1478.49,2674.46,13365.87
2008-01-04,1411.63,2504.65,12800.18
2008-01-11,1401.02,2439.94,12606.3
2008-01-18,1325.19,2340.02,12099.3
2008-01-25,1330.61,2326.2,12207.17
2008-02-01,1395.42,2413.36,12743.19
2008-02-08,1331.29,2304.85,12182.13
2008-02-15,1349.99,2321.8,12348.21
2008-02-22,1353.11,2303.35,12381.02
2008-02-29,1330.63,2271.48,12266.39
2008-03-07,1293.37,2212.49,11893.69
2008-03-14,1288.14,2212.49,11951.09
2008-03-20,1329.51,2258.11,12361.32
2008-03-28,1315.22,2261.18,12216.4
2008-04-04,1370.4,2370.98,12609.42
2008-04-11,1332.83,2290.24,12325.42
2008-04-18,1390.33,2402.97,12849.36
2008-04-25,1397.84,2422.93,12891.86
2008-05-02,1413.9,2476.99,13058.2
2008-05-09,1388.28,2445.52,12745.88
2008-05-16,1425.35,2528.85,12986.8
2008-05-23,1375.93,2444.67,12479.63
2008-05-30,1400.38,2522.66,12638.32
2008-06-06,1360.68,2474.56,12209.81
2008-06-13,1357.5,2454.5,12307.35
2008-06-20,1317.93,2406.09,11842.69
2008-06-27,1278.38,2315.63,11346.51
2008-07-03,1262.9,2245.38,11288.54
2008-07-11,1239.49,2239.08,11100.54
2008-07-18,1260.68,2282.78,11496.57
2008-07-25,1257.76,2310.53,11370.69
2008-08-01,1260.31,2310.96,11326.32
2008-08-08,1296.31,2414.1,11734.32
2008-08-15,1298.19,2452.52,11659.9
2008-08-22,1292.19,2414.71,11628.06
2008-08-29,1282.82,2367.52,11543.55
2008-09-05,1242.31,2255.88,11220.96
2008-09-12,1251.69,2261.27,11421.99
2008-09-19,1255.07,2273.9,11388.44
2008-09-26,1213.27,2183.34,11143.13
2008-10-03,1099.23,1947.39,10325.38
2008-10-10,899.22,1649.51,8451.19
2008-10-17,940.55,1711.29,8852.22
2008-10-24,876.77,1552.03,8378.95
2008-10-31,968.75,1720.95,9325.01
2008-11-07,930.99,1647.4,8943.81
2008-11-14,873.29,1516.85,8497.31
2008-11-21,800.03,1384.35,8046.42
2008-11-28,896.24,1535.57,8829.04
2008-12-05,876.07,1509.31,8635.42
2008-12-12,879.73,1540.72,8629.68
2008-12-19,887.88,1564.32,8579.11
2008-12-26,872.8,1530.24,8515.55
2009-01-02,931.8,1632.21,9034.69
2009-01-09,890.35,1571.59,8599.18
2009-01-16,850.12,1529.33,8281.22
2009-01-23,831.95,1477.29,8077.56
2009-01-30,825.88,1476.42,8000.86
2009-02-06,868.6,1591.71,8280.59
2009-02-13,826.84,1534.36,7850.41
2009-02-20,770.05,1441.23,7365.67
2009-02-27,735.09,1377.84,7062.93
2009-03-06,683.38,1293.85,6626.94
2009-03-13,756.55,1431.5,7223.98
2009-03-20,768.54,1457.27,7278.38
2009-03-27,815.94,1545.2,7776.18
2009-04-03,842.5,1621.87,8017.59
2009-04-09,856.56,,
2009-04-17,869.6,1673.07,8131.33
2009-04-24,866.23,1694.29,8076.29
2009-05-01,877.52,1719.2,8212.41
2009-05-08,929.23,1739.0,8574.65
2009-05-15,882.88,1680.14,8268.64
2009-05-22,887.0,1692.01,8277.32
2009-05-29,919.14,1774.33,8500.33
2009-06-05,940.09,1849.42,8763.13
2009-06-12,946.21,1858.8,8799.26
2009-06-19,921.23,1827.47,8539.73
2009-06-26,918.9,1838.22,8438.39
2009-07-10,879.13,1756.03,8146.52
2009-07-17,940.38,1886.61,8743.94
2009-07-24,979.26,1965.96,9093.24
2009-07-31,987.48,1978.5,9171.61
2009-08-07,1010.48,2000.25,9370.07
2009-08-14,1004.09,1985.52,9321.4
2009-08-21,1026.13,2020.9,9505.96
2009-08-28,1028.93,2028.77,9544.2
2009-09-04,1016.4,2018.78,9441.27
2009-09-11,1042.73,2080.9,9605.41
2009-09-18,1068.3,2132.86,9820.2
2009-09-25,1044.38,2090.92,9665.19
2009-10-02,1025.21,2048.11,9487.67
2009-10-09,1071.49,2139.28,9864.94
2009-10-16,1087.68,2156.8,9995.91
2009-10-23,1079.6,2154.47,9972.18
2009-10-30,1036.18,2045.11,9712.73
2009-11-06,1069.3,2112.44,10023.42
2009-11-13,1093.48,2167.88,10270.47
2009-11-20,1091.38,2146.04,10318.16
2009-11-27,1091.49,2138.44,10309.92
2009-12-04,1105.98,2194.35,10388.9
2009-12-11,1106.41,2190.31,10471.5
2009-12-18,1102.47,2211.69,10328.89
2010-01-08,1144.98,2317.17,10618.19
2010-01-15,1136.03,2287.99,10609.65
2010-01-22,1091.76,2205.29,10172.98
2010-01-29,1073.87,2147.35,10067.33
2010-02-05,1066.18,2141.12,10012.23
2010-02-12,1075.51,2183.53,10099.14
2010-02-19,1109.17,2243.87,10402.35
2010-02-26,1104.49,2238.26,10325.26
2010-03-05,1138.69,2326.35,10566.2
2010-03-12,1149.99,2367.66,10624.69
2010-03-19,1159.9,2374.41,10741.98
2010-03-26,1166.59,2395.13,10850.36
2010-04-09,1194.37,2454.05,10997.35
2010-04-16,1192.13,2481.26,11018.66
2010-04-23,1217.28,2530.15,11204.28
2010-04-30,1186.68,2461.19,11008.61
2010-05-07,1110.88,2265.64,10380.43
2010-05-14,1135.68,2346.85,10620.16
2010-05-21,1087.69,2229.04,10193.39
2010-05-28,1089.41,2257.04,10136.63
2010-06-04,1064.88,2219.17,9931.97
2010-06-11,1091.6,2243.6,10211.07
2010-06-18,1117.51,2309.8,10450.64
2010-06-25,1076.76,2223.48,10143.81
2010-07-02,1022.58,2091.79,9686.48
2010-07-09,1077.96,2196.45,10198.03
2010-07-16,1064.88,2179.05,10097.9
2010-07-23,1102.66,2269.47,10424.62
2010-07-30,1101.6,2254.7,10465.94
2010-08-06,1121.64,2288.47,10653.56
2010-08-13,1079.25,2173.48,10303.15
2010-08-20,1071.69,2179.76,10213.62
2010-08-27,1064.59,2153.63,10150.65
2010-09-03,1104.51,2233.75,10447.93
2010-09-10,1109.55,2242.48,10462.77
2010-09-17,1125.59,2315.61,10607.85
2010-09-24,1148.67,2381.22,10860.26
2010-10-01,1146.24,2370.75,10829.68
2010-10-08,1165.15,2401.91,11006.48
2010-10-15,1176.19,2468.77,11062.78
2010-10-22,1183.08,2479.39,11132.56
2010-10-29,1183.26,2507.41,11118.49
2010-11-05,1225.85,2578.98,11444.08
2010-11-12,1199.21,2518.21,11192.58
2010-11-19,1199.73,2518.12,11203.55
2010-11-26,1189.4,2534.56,11092.0
2010-12-03,1224.71,2591.46,11382.09
2010-12-10,1240.4,2637.54,11410.32
2010-12-17,1243.91,2642.97,11491.91
2010-12-23,1256.77,2665.6,11573.49
2010-12-31,1257.64,2652.87,11577.51
2011-01-07,1271.5,2703.17,11674.76
2011-01-14,1293.24,2755.3,11787.38
2011-01-21,1283.35,2689.54,11871.84
2011-01-28,1276.34,2686.89,11823.7
2011-02-04,1310.87,2769.3,12092.15
2011-02-11,1329.15,2809.44,12273.26
2011-02-18,1343.01,2833.95,12391.25
2011-02-25,1319.88,2781.05,12130.45
2011-03-04,1321.15,2784.67,12169.88
2011-03-11,1304.28,2715.61,12044.4
2011-03-18,1279.2,2643.67,11858.52
2011-03-25,1313.8,2743.06,12220.59
2011-04-01,1332.41,2789.6,12376.72
2011-04-08,1328.17,2780.41,12380.05
2011-04-15,1319.68,2764.65,12341.83
2011-04-21,1337.38,2820.16,12505.99
2011-04-29,1363.61,2873.54,12810.54
2011-05-06,1340.2,2827.56,12638.74
2011-05-13,1337.77,2828.47,12595.75
2011-05-20,1333.27,2803.32,12512.04
2011-05-27,1331.1,2796.86,12441.58
2011-06-03,1300.16,2732.78,12151.26
2011-06-10,1270.98,2643.73,11951.91
2011-06-17,1271.5,2616.48,12004.36
2011-06-24,1268.45,2652.89,11934.58
2011-07-01,1339.67,2816.03,12582.77
2011-07-08,1343.8,2859.81,12657.2
2011-07-15,1316.14,2789.8,12479.73
2011-07-22,1345.02,2858.83,12681.16
2011-07-29,1292.28,2756.38,12143.24
2011-08-05,1199.38,2532.41,11444.61
2011-08-12,1178.81,2507.98,11269.02
2011-08-19,1123.53,2341.84,10817.65
2011-08-26,1176.8,2479.85,11284.54
2011-09-02,1173.97,2480.33,11240.26
2011-09-09,1154.23,2467.99,10992.13
2011-09-16,1216.01,2622.31,11509.09
2011-09-23,1136.43,2483.23,10771.48
2011-09-30,1131.42,2415.4,10913.38
2011-10-07,1155.46,2479.35,11103.12
2011-10-14,1224.58,2667.85,11644.49
2011-10-21,1238.25,2637.46,11808.79
2011-10-28,1285.08,2737.15,12231.11
2011-11-04,1253.23,2686.15,11983.24
2011-11-11,1263.85,2678.75,12153.68
2011-11-18,1215.65,2572.5,11796.16
2011-11-25,1158.67,2441.51,11231.78
2011-12-02,1244.28,2626.93,12019.42
2011-12-09,1255.19,2646.85,12184.26
2011-12-16,1219.66,2555.33,11866.39
2011-12-23,1265.33,2618.64,12294.0
2011-12-30,1257.6,2605.15,12217.56
2012-01-06,1277.81,2674.22,12359.92
2012-01-13,1289.09,2710.67,12422.06
2012-01-20,1315.38,2786.7,12720.48
2012-01-27,1316.33,2816.55,12660.46
2012-02-03,1344.9,2905.66,12862.23
2012-02-10,1342.64,2903.88,12801.23
2012-02-17,1361.23,2951.78,12949.87
2012-02-24,1365.74,2963.75,12982.95
2012-03-02,1369.63,2976.19,12977.57
2012-03-09,1370.87,2988.34,12922.02
2012-03-16,1404.17,3055.26,13232.62
2012-03-23,1397.11,3067.92,13080.73
2012-03-30,1408.47,3091.57,13212.04
2012-04-05,1398.08,3080.5,13060.14
2012-04-13,1370.26,3011.33,12849.59
2012-04-20,1378.53,3000.45,13029.26
2012-04-27,1403.36,3069.2,13228.31
2012-05-04,1369.1,2956.34,13038.27
2012-05-11,1353.39,2933.82,12820.6
2012-05-18,1295.22,2778.79,12369.38
2012-05-25,1317.82,2837.53,12454.83
2012-06-01,1278.04,2747.48,12118.57
2012-06-08,1325.66,2858.42,12554.2
2012-06-15,1342.84,2872.8,12767.17
2012-06-22,1335.02,2892.42,12640.78
2012-06-29,1362.16,2935.05,12880.09
2012-07-06,1354.68,2937.33,12772.47
2012-07-13,1356.78,2908.47,12777.09
2012-07-20,1362.66,2925.3,12822.57
2012-07-27,1385.97,2958.09,13075.66
2012-08-03,1390.99,2967.9,13096.17
2012-08-10,1405.87,3020.86,13207.95
2012-08-17,1418.16,3076.59,13275.2
2012-08-24,1411.13,3069.79,13157.97
2012-08-31,1406.58,3066.96,13090.84
2012-09-07,1437.92,3136.42,13306.64
2012-09-14,1465.77,3183.95,13593.37
2012-09-21,1460.15,3179.96,13579.47
2012-09-28,1440.67,3116.23,13437.13
2012-10-05,1460.93,3136.19,13610.15
2012-10-12,1428.59,3044.11,13328.85
2012-10-19,1433.19,3005.62,13343.51
2012-10-26,1411.94,2987.95,13107.21
2012-11-02,1414.2,2982.13,13093.16
2012-11-09,1379.85,2904.87,12815.39
2012-11-16,1359.88,2853.13,12588.31
2012-11-23,1409.15,2966.85,13009.68
2012-11-30,1416.18,3010.24,13025.58
2012-12-07,1418.07,2978.04,13155.13
2012-12-14,1413.58,2971.33,13135.01
2012-12-21,1430.15,3021.01,13190.84
2012-12-28,1402.43,2960.31,12938.11
2013-01-04,1466.47,3101.66,13435.21
2013-01-11,1472.05,3125.63,13488.43
2013-01-18,1485.98,3134.71,13649.7
2013-01-25,1502.96,3149.71,13895.98
2013-02-01,1513.17,3179.1,14009.79
2013-02-08,1517.93,3193.87,13992.97
2013-02-15,1519.79,3192.03,13981.76
2013-02-22,1515.6,3161.82,14000.57
2013-03-01,1518.2,3169.74,14089.66
2013-03-08,1551.18,3244.37,14397.07
2013-03-15,1560.7,3249.07,14514.11
2013-03-22,1556.89,3245.0,14512.03
2013-03-28,1569.19,3267.52,14578.54
2013-04-05,1553.28,3203.86,14565.25
2013-04-12,1588.85,3294.95,14865.06
2013-04-19,1555.25,3206.06,14547.51
2013-04-26,1582.24,3279.26,14712.55
2013-05-03,1614.42,3378.63,14973.96
2013-05-10,1633.7,3436.58,15118.49
2013-05-17,1667.47,3498.97,15354.4
2013-05-24,1649.6,3459.14,15303.1
2013-05-31,1630.74,3455.91,15115.57
2013-06-07,1643.38,3469.22,15248.12
2013-06-14,1626.73,3423.56,15070.18
2013-06-21,1592.43,3357.25,14799.4
2013-06-28,1606.28,3403.25,14909.6
2013-07-05,1631.89,3479.38,15135.84
2013-07-12,1680.19,3600.08,15464.3
2013-07-19,1692.09,3587.61,15543.74
2013-07-26,1691.65,3613.16,15558.83
2013-08-02,1709.67,3689.59,15658.36
2013-08-09,1691.42,3660.11,15425.51
2013-08-16,1655.83,3602.78,15081.47
2013-08-23,1663.5,3657.79,15010.51
2013-08-30,1632.97,3589.87,14810.31
2013-09-06,1655.17,3660.01,14922.5
2013-09-13,1687.99,3722.18,15376.06
2013-09-20,1709.91,3774.73,15451.09
2013-09-27,1691.75,3781.59,15258.24
2013-10-04,1690.5,3807.75,15072.58
2013-10-11,1703.2,3791.87,15237.11
2013-10-18,1744.5,3914.28,15399.65
2013-10-25,1759.77,3943.36,15570.28
2013-11-01,1761.64,3922.04,15615.55
2013-11-08,1770.61,3919.23,15761.78
2013-11-15,1798.18,3985.97,15961.7
2013-11-22,1804.76,3991.65,16064.77
2013-11-29,1805.81,4059.89,16086.41
2013-12-06,1805.09,4062.52,16020.2
2013-12-13,1775.32,4000.98,15755.36
2013-12-20,1818.32,4104.74,16221.14
2013-12-27,1841.4,4156.59,16478.41
2014-01-03,1831.37,4131.91,16469.99
2014-01-10,1842.37,4174.66,16437.05
2014-01-17,1838.7,4197.58,16458.56
2014-01-24,1790.29,4128.17,15879.11
2014-01-31,1782.59,4103.88,15698.85
2014-02-07,1797.02,4125.86,15794.08
2014-02-14,1838.63,4244.03,16154.39
2014-02-21,1836.25,4263.41,16103.3
2014-02-28,1859.45,4308.12,16321.71
2014-03-07,1878.04,4336.22,16452.72
2014-03-14,1841.13,4245.4,16065.67
2014-03-21,1866.52,4276.79,16302.77
2014-03-28,1857.62,4155.76,16323.06
2014-04-04,1865.09,4127.73,16412.71
2014-04-11,1815.69,3999.73,16026.75
2014-04-17,1864.85,4095.52,16408.54
2014-04-25,1863.4,4075.56,16361.46
2014-05-02,1881.14,4123.9,16512.89
2014-05-09,1878.48,4071.87,16583.34
2014-05-16,1877.86,4090.59,16491.31
2014-05-23,1900.53,4185.81,16606.27
2014-05-30,1923.57,4242.62,16717.17
2014-06-06,1949.44,4321.4,16924.28
2014-06-13,1936.16,4310.65,16775.74
2014-06-20,1962.87,4368.04,16947.08
2014-06-27,1960.96,4397.93,16851.84
2014-07-03,1985.44,4485.93,17068.26
2014-07-11,1967.57,4415.49,16943.81
2014-07-18,1978.22,4432.15,17100.18
2014-07-25,1978.34,4449.56,16960.57
2014-08-01,1925.15,4352.64,16493.37
2014-08-08,1931.59,4370.9,16553.93
2014-08-15,1955.06,4464.93,16662.91
2014-08-22,1988.4,4538.55,17001.22
2014-08-29,2003.37,4580.27,17098.45
2014-09-05,2007.71,4582.9,17137.36
2014-09-12,1985.54,4567.6,16987.51
2014-09-19,2010.4,4579.79,17279.74
2014-09-26,1982.85,4512.19,17113.15
2014-10-03,1967.9,4475.62,17009.69
2014-10-10,1906.13,4276.24,16544.1
2014-10-17,1886.76,4258.44,16380.41
2014-10-24,1964.58,4483.72,16805.41
2014-10-31,2018.05,4630.74,17390.52
2014-11-07,2031.92,4632.53,17573.93
2014-11-14,2039.82,4688.54,17634.74
2014-11-21,2063.5,4712.97,17810.06
2014-11-28,2067.56,4791.63,17828.24
2014-12-05,2075.37,4780.76,17958.79
2014-12-12,2002.33,4653.6,17280.83
2014-12-19,2070.65,4765.38,17804.8
2014-12-26,2088.77,4806.86,18053.71
2015-01-02,2058.2,4726.81,17832.99
2015-01-09,2044.81,4704.07,17737.37
2015-01-16,2019.42,4634.38,17511.57
2015-01-23,2051.82,4757.88,17672.6
2015-01-30,1994.99,4635.24,17164.95
2015-02-06,2055.47,4744.4,17824.29
2015-02-13,2096.99,4893.84,18019.35
2015-02-20,2110.3,4955.97,18140.44
2015-02-27,2104.5,4963.53,18132.7
2015-03-06,2071.26,4927.37,17856.78
2015-03-13,2053.4,4871.76,17749.31
2015-03-20,2108.1,5026.42,18127.65
2015-03-27,2061.02,4891.22,17712.66
2015-04-02,2066.96,4886.94,17763.24
2015-04-10,2102.06,4995.98,18057.65
2015-04-17,2081.18,4931.81,17826.3
2015-04-24,2117.69,5092.08,18080.14
2015-05-01,2108.29,5005.39,18024.06
2015-05-08,2116.1,5003.55,18191.11
2015-05-15,2122.73,5048.29,18272.56
2015-05-22,2126.06,5089.36,18232.02
2015-05-29,2107.39,5070.03,18010.68
2015-06-05,2092.83,5068.46,17849.46
2015-06-12,2094.11,5051.1,17898.84
2015-06-19,2109.99,5117.0,18015.95
2015-06-26,2101.49,5080.51,17946.68
2015-07-02,2076.78,5009.21,17730.11
2015-07-10,2076.62,4997.7,17760.41
2015-07-17,2126.64,5210.14,18086.45
2015-07-24,2079.65,5088.63,17568.53
2015-07-31,2103.84,5128.28,17689.86
2015-08-07,2077.57,5043.54,17373.38
2015-08-14,2091.54,5048.24,17477.4
2015-08-21,1970.89,4706.04,16459.75
2015-08-28,1988.87,4828.32,16643.01
2015-09-04,1921.22,4683.92,16102.38
2015-09-11,1961.05,4822.34,16433.09
2015-09-18,1958.08,4827.23,16384.79
2015-09-25,1931.34,4686.5,16314.67
2015-10-02,1951.36,4707.78,16472.37
2015-10-09,2014.89,4830.47,17084.49
2015-10-16,2033.11,4886.69,17215.97
2015-10-23,2075.15,5031.86,17646.7
2015-10-30,2079.36,5053.75,17663.54
2015-11-06,2099.2,5147.12,17910.33
2015-11-13,2023.04,4927.88,17245.24
2015-11-20,2089.17,5104.92,17823.81
2015-11-27,2090.11,5127.52,17798.49
2015-12-04,2091.69,5142.27,17847.63
2015-12-11,2012.37,4933.47,17265.21
2015-12-18,2005.55,4923.08,17128.55
2015-12-24,2060.99,5048.49,17552.17
2015-12-31,2043.94,5007.41,17425.03
2016-01-08,1922.03,4643.63,16346.45
2016-01-15,1880.29,4488.42,15988.08
2016-01-22,1906.9,4591.18,16093.51
2016-01-29,1940.24,4613.95,16466.3
2016-02-05,1880.02,4363.14,16204.83
2016-02-12,1864.78,4337.51,15973.84
2016-02-19,1917.78,4504.43,16391.99
2016-02-26,1948.05,4590.47,16639.97
2016-03-04,1999.99,4717.02,17006.77
2016-03-11,2022.19,4748.47,17213.31
2016-03-18,2049.56,4795.65,17602.3
2016-03-24,2035.94,4773.5,17515.73
2016-04-01,2072.78,4914.54,17792.75
2016-04-08,2047.6,4850.69,17576.96
2016-04-15,2080.73,4938.22,17897.46
2016-04-22,2091.58,4906.23,18003.75
2016-04-29,2065.3,4775.36,17773.64
2016-05-06,2057.14,4736.16,17740.63
2016-05-13,2046.61,4717.68,17535.32
2016-05-20,2052.32,4769.56,17500.94
2016-05-27,2099.06,4933.5,17873.22
2016-06-03,2099.13,4942.52,17807.06
2016-06-10,2096.07,4894.55,17865.34
2016-06-17,2071.22,4800.34,17675.16
2016-06-24,2037.41,4707.98,17400.75
2016-07-01,2102.95,4862.57,17949.37
2016-07-08,2129.9,4956.76,18146.74
2016-07-15,2161.74,5029.59,18516.55
2016-07-22,2175.03,5100.16,18570.85
2016-07-29,2173.6,5162.13,18432.24
2016-08-05,2182.87,5221.12,18543.53
2016-08-12,2184.05,5232.89,18576.47
2016-08-19,2183.87,5238.38,18552.57
2016-08-26,2169.04,5218.92,18395.4
2016-09-02,2179.98,5249.9,18491.96
2016-09-09,2127.81,5125.91,18085.45
2016-09-16,2139.16,5244.57,18123.8
2016-09-23,2164.69,5305.75,18261.45
2016-09-30,2168.27,5312.0,18308.15
2016-10-07,2153.74,5292.4,18240.49
2016-10-14,2132.98,5214.16,18138.38
2016-10-21,2141.16,5257.4,18145.71
2016-10-28,2126.41,5190.1,18161.19
2016-11-04,2085.18,5046.37,17888.28
2016-11-11,2164.45,5237.11,18847.66
2016-11-18,2181.9,5321.51,18867.93
2016-11-25,2213.35,5398.92,19152.14
2016-12-02,2191.95,5255.65,19170.42
2016-12-09,2259.53,5444.5,19756.85
2016-12-16,2258.07,5437.16,19843.41
2016-12-23,2263.79,5462.69,19933.81
2016-12-30,2238.83,5383.12,19762.6
2017-01-06,2276.98,5521.06,19963.8
2017-01-13,2274.64,5574.12,19885.73
2017-01-20,2271.31,5555.33,19827.25
2017-01-27,2294.69,5660.78,20093.78
2017-02-03,2297.42,5666.77,20071.46
2017-02-10,2316.1,5734.13,20269.37
2017-02-17,2351.16,5838.58,20624.05
2017-02-24,2367.34,5845.31,20821.76
2017-03-03,2383.12,5870.75,21005.71
2017-03-10,2372.6,5861.73,20902.98
2017-03-17,2378.25,5901.0,20914.62
2017-03-24,2343.98,5828.74,20596.72
2017-03-31,2362.72,5911.74,20663.22
2017-04-07,2355.54,5877.81,20656.1
2017-04-13,2328.95,5805.15,20453.25
2017-04-21,2348.69,5910.52,20547.76
2017-04-28,2384.2,6047.61,20940.51
2017-05-05,2399.29,6100.76,21006.94
2017-05-12,2390.9,6121.23,20896.61
2017-05-19,2381.73,6083.7,20804.84
2017-05-26,2415.82,6210.19,21080.28
2017-06-02,2439.07,6305.8,21206.29
2017-06-09,2431.77,6207.92,21271.97
2017-06-16,2433.15,6151.76,21384.28
2017-06-23,2438.3,6265.25,21394.76
2017-06-30,2423.41,6140.42,21349.63
2017-07-07,2425.18,6153.08,21414.34
2017-07-14,2459.27,6312.47,21637.74
2017-07-21,2472.54,6387.75,21580.07
2017-07-28,2472.1,6374.68,21830.31
2017-08-04,2476.83,6351.56,22092.81
2017-08-11,2441.32,6256.56,21858.32
2017-08-18,2425.55,6216.53,21674.51
2017-08-25,2443.05,6265.64,21813.67
2017-08-29,2446.3,6301.8857,21865.37
1987-09-4,,446.5,
1999-09-23,,2749.83,10318.59
2003-06-20,,1644.72,9200.75
2001-09-10,,,9605.51
